product_id,product_name,brand,category,sub_category,pack_size,unit,price,stock,aliases
P0001,Butter Cookies,Amul,Snacks & Branded Foods,Biscuits & Cookies,,,10.0,0,"butter cookies,amul butter cookies,makhan cookies,amul makhan cookies"
P0002,Butterscotch Milkshake,Amul,"Bakery, Cakes & Dairy",Dairy,180.0,ml,22.0,8,"butterscotch milkshake,amul butterscotch milkshake,makhanscotch milkshake,butterscotch doodhshake,amul makhanscotch milkshake,amul butterscotch doodhshake"
P0003,Butter - Pasteurised,Amul,"Bakery, Cakes & Dairy",Dairy,,,97.02,5,"butter - pasteurised,amul butter - pasteurised,makhan - pasteurised,amul makhan - pasteurised"
P0004,Cow Ghee/Tuppa,Amul,"Foodgrains, Oil & Masala",Edible Oils & Ghee,,,250.0,2,"cow ghee/tuppa,amul cow ghee/tuppa"
P0005,Instant Khatta Meetha Poha With Millets,Aashirvaad,Snacks & Branded Foods,Ready To Cook & Eat,,,25.0,9,"instant khatta meetha poha with millets,aashirvaad instant khatta meetha poha with millets,instant khaata meetha poha with millets,aashirvaad instant khaata meetha poha with millets"
P0006,Instant Meals - Khatta Meetha Pohaa With Millets Cup,Aashirvaad,Snacks & Branded Foods,Ready To Cook & Eat,,,27.5,6,"instant meals - khatta meetha pohaa with millets cup,aashirvaad instant meals - khatta meetha pohaa with millets cup,instant meals - khaata meetha pohaa with millets cup,aashirvaad instant meals - khaata meetha pohaa with millets cup"
P0007,Atta/Godihittu - Whole Wheat,Aashirvaad,"Foodgrains, Oil & Masala","Atta, Flours & Sooji",,,406.0,3,"atta/godihittu - whole wheat,aashirvaad atta/godihittu - whole wheat,aata/godihittu - whole wheat,atta/godihittu - whole gehun,aashirvaad aata/godihittu - whole wheat,aashirvaad atta/godihittu - whole gehun"
P0008,Fortune Premium Kachi Ghani Pure Mustard Oil,Fortune,"Foodgrains, Oil & Masala",Edible Oils & Ghee,,,198.0,10,"fortune premium kachi ghani pure mustard oil,fortune premium kachi ghani pure mustard tel"
P0009,Rice Bran Oil,Fortune,"Foodgrains, Oil & Masala",Edible Oils & Ghee,,,173.0,7,"rice bran oil,fortune rice bran oil,rice bran tel,chawal bran oil,fortune rice bran tel,fortune chawal bran oil"
P0010,Soya Bean Oil,Fortune,"Foodgrains, Oil & Masala",Edible Oils & Ghee,,,167.0,4,"soya bean oil,fortune soya bean oil,soya bean tel,fortune soya bean tel"
P0011,Organic Toor Dal//Togari Bele,Tata Sampann,"Foodgrains, Oil & Masala",Organic Staples,,,204.0,1,"organic toor dal//togari bele,tata sampann organic toor dal//togari bele"
P0012,Toor Dal/Togari Bele,Tata Sampann,"Foodgrains, Oil & Masala",Dals & Pulses,,,154.0,8,"toor dal/togari bele,tata sampann toor dal/togari bele"
P0013,Gluco Biscuits - Parle-G,Parle,Snacks & Branded Foods,Biscuits & Cookies,,,62.37,5,gluco biscuits - parle-g
P0014,Shahi Paneer Masala,Catch,"Foodgrains, Oil & Masala",Masalas & Spices,100.0,g,78.0,2,"shahi paneer masala,catch shahi paneer masala"
P0015,Paneer Masala,Aashirvaad,"Foodgrains, Oil & Masala",Masalas & Spices,,,40.0,9,"paneer masala,aashirvaad paneer masala"
P0016,Ghee/Tuppa,Amul,"Foodgrains, Oil & Masala",Edible Oils & Ghee,,,255.0,6,"ghee/tuppa,amul ghee/tuppa"
P0017,High Aroma Cow Ghee/Tuppa,Amul,"Foodgrains, Oil & Masala",Edible Oils & Ghee,,,262.0,3,"high aroma cow ghee/tuppa,amul high aroma cow ghee/tuppa"
P0018,Sprinklers - Dahi Masala,Catch,"Foodgrains, Oil & Masala",Masalas & Spices,,,30.0,1,"sprinklers - dahi masala,catch sprinklers - dahi masala"
P0019,Cold Pressed Mustard Oil,Dabur,"Foodgrains, Oil & Masala",Edible Oils & Ghee,,,237.5,7,"cold pressed mustard oil,dabur cold pressed mustard oil,cold pressed mustard tel,dabur cold pressed mustard tel"
P0020,Kesari Milk Masala,Everest,"Foodgrains, Oil & Masala",Masalas & Spices,,,205.0,4,"kesari milk masala,everest kesari milk masala,kesari doodh masala,everest kesari doodh masala"
P0021,Masala - Shahi Paneer,Everest,"Foodgrains, Oil & Masala",Masalas & Spices,,,78.0,1,"masala - shahi paneer,everest masala - shahi paneer"
P0022,Soya Chunks - 15x More Protein Than Milk,Fortune,"Foodgrains, Oil & Masala",Dals & Pulses,,,50.0,8,"soya chunks - 15x more protein than milk,fortune soya chunks - 15x more protein than milk,soya chunks - 15x more protein than doodh,fortune soya chunks - 15x more protein than doodh"
P0023,Sun Lite - Sunflower Refined Oil,Fortune,"Foodgrains, Oil & Masala",Edible Oils & Ghee,,,171.0,5,"sun lite - sunflower refined oil,fortune sun lite - sunflower refined oil,sun lite - sunflower refined tel,fortune sun lite - sunflower refined tel"
P0024,Karahi Paneer Masala,Mdh,"Foodgrains, Oil & Masala",Masalas & Spices,,,50.0,2,"karahi paneer masala,mdh karahi paneer masala"
P0025,T-Plus Masala Powder For Tea & Milk,Mdh,"Foodgrains, Oil & Masala",Masalas & Spices,,,46.0,9,"t-plus masala powder for tea & milk,mdh t-plus masala powder for tea & milk,t-plus masala powder for chai & milk,t-plus masala powder for tea & doodh,mdh t-plus masala powder for chai & milk,mdh t-plus masala powder for tea & doodh"
P0026,Cow Ghee/Tuppa,Patanjali,"Foodgrains, Oil & Masala",Edible Oils & Ghee,,,295.0,6,"cow ghee/tuppa,patanjali cow ghee/tuppa"
P0027,Fortified Rice Bran Oil,Patanjali,"Foodgrains, Oil & Masala",Edible Oils & Ghee,,,185.0,3,"fortified rice bran oil,patanjali fortified rice bran oil,fortified rice bran tel,fortified chawal bran oil,patanjali fortified rice bran tel,patanjali fortified chawal bran oil"
P0028,Fortified Sunflower Oil,Patanjali,"Foodgrains, Oil & Masala",Edible Oils & Ghee,,,225.0,10,"fortified sunflower oil,patanjali fortified sunflower oil,fortified sunflower tel,patanjali fortified sunflower tel"
P0029,Mustard Oil,Patanjali,"Foodgrains, Oil & Masala",Edible Oils & Ghee,,,155.0,7,"mustard oil,patanjali mustard oil,mustard tel,patanjali mustard tel"
P0030,Sesame Oil,Patanjali,"Foodgrains, Oil & Masala",Edible Oils & Ghee,,,65.0,0,"sesame oil,patanjali sesame oil,sesame tel,patanjali sesame tel"
P0031,Sunflower Oil,Patanjali,"Foodgrains, Oil & Masala",Edible Oils & Ghee,,,220.0,1,"sunflower oil,patanjali sunflower oil,sunflower tel,patanjali sunflower tel"
P0032,Active Pro Weight Watchers Edible Oil,Saffola,"Foodgrains, Oil & Masala",Edible Oils & Ghee,,,189.57,8,"active pro weight watchers edible oil,saffola active pro weight watchers edible oil,active pro weight watchers edible tel,saffola active pro weight watchers edible tel"
P0033,Tasty Pro Fitness Conscious Edible Oil,Saffola,"Foodgrains, Oil & Masala",Edible Oils & Ghee,,,194.0,5,"tasty pro fitness conscious edible oil,saffola tasty pro fitness conscious edible oil,tasty pro fitness conscious edible tel,saffola tasty pro fitness conscious edible tel"
P0034,Total Pro Heart Conscious Edible Oil,Saffola,"Foodgrains, Oil & Masala",Edible Oils & Ghee,,,427.68,2,"total pro heart conscious edible oil,saffola total pro heart conscious edible oil,total pro heart conscious edible tel,saffola total pro heart conscious edible tel"
P0035,Masala - Paneer,Tata Sampann,"Foodgrains, Oil & Masala",Masalas & Spices,,,37.8,1,"masala - paneer,tata sampann masala - paneer"
P0036,Paneer Masala With Natural Oils,Tata Sampann,"Foodgrains, Oil & Masala",Masalas & Spices,,,63.75,6,"paneer masala with natural oils,tata sampann paneer masala with natural oils,paneer masala with natural tels,tata sampann paneer masala with natural tels"
P0037,Pure Cow Ghee/Tuppa,mother dairy,"Foodgrains, Oil & Masala",Edible Oils & Ghee,,,500.0,3,"pure cow ghee/tuppa,mother dairy pure cow ghee/tuppa"
P0038,"Combo Pack - Chilli, Turmeric & Coriander (200g Each)",Aashirvaad,"Foodgrains, Oil & Masala",Masalas & Spices,200.0,g,95.0,10,"combo pack - chilli, turmeric & coriander (200g each),aashirvaad combo pack - chilli, turmeric & coriander (200g each)"
P0039,Pure Ghee,Amul,"Foodgrains, Oil & Masala",Edible Oils & Ghee,,,1000.0,7,"pure ghee,amul pure ghee"
P0040,Ajwain/Om Kalu - Whole,Catch,"Foodgrains, Oil & Masala",Masalas & Spices,100.0,g,46.75,4,"ajwain/om kalu - whole,catch ajwain/om kalu - whole"
P0041,Chhole Masala,Catch,"Foodgrains, Oil & Masala",Masalas & Spices,100.0,g,53.55,1,"chhole masala,catch chhole masala"
P0042,Dal Makhani Masala,Catch,"Foodgrains, Oil & Masala",Masalas & Spices,100.0,g,45.75,8,"dal makhani masala,catch dal makhani masala"
P0043,Pani Puri Masala,Catch,"Foodgrains, Oil & Masala",Masalas & Spices,100.0,g,55.0,5,"pani puri masala,catch pani puri masala"
P0044,Refined Oil - Rice Bran,Fortune,"Foodgrains, Oil & Masala",Edible Oils & Ghee,,,909.0,2,"refined oil - rice bran,fortune refined oil - rice bran,refined tel - rice bran,refined oil - chawal bran,fortune refined tel - rice bran,fortune refined oil - chawal bran"
P0045,Xpert Pro Immunity,Fortune,"Foodgrains, Oil & Masala",Edible Oils & Ghee,,,922.0,9,"xpert pro immunity,fortune xpert pro immunity"
P0046,Xpert Pro Sugar Conscious Edible Oil,Fortune,"Foodgrains, Oil & Masala",Edible Oils & Ghee,,,880.0,6,"xpert pro sugar conscious edible oil,fortune xpert pro sugar conscious edible oil,xpert pro chini conscious edible oil,xpert pro sugar conscious edible tel,fortune xpert pro chini conscious edible oil,fortune xpert pro sugar conscious edible tel"
P0047,Fortified Mustard Oil,Patanjali,"Foodgrains, Oil & Masala",Edible Oils & Ghee,,,950.0,3,"fortified mustard oil,patanjali fortified mustard oil,fortified mustard tel,patanjali fortified mustard tel"
P0048,Gold Pro Healthy Lifestyle Edible Oil,Saffola,"Foodgrains, Oil & Masala",Edible Oils & Ghee,,,2525.0,10,"gold pro healthy lifestyle edible oil,saffola gold pro healthy lifestyle edible oil,gold pro healthy lifestyle edible tel,saffola gold pro healthy lifestyle edible tel"
P0049,Refined Olive Oil,Saffola,"Foodgrains, Oil & Masala",Edible Oils & Ghee,,,899.1,7,"refined olive oil,saffola refined olive oil,refined olive tel,saffola refined olive tel"
P0050,Salt/Uppu,Saffola,"Foodgrains, Oil & Masala","Salt, Sugar & Jaggery",2.0,g,35.0,4,"salt/uppu,saffola salt/uppu,namak/uppu,saffola namak/uppu"
P0051,Total-Pro Heart Conscious Edible Oil,Saffola,"Foodgrains, Oil & Masala",Edible Oils & Ghee,,,1064.8,1,"total-pro heart conscious edible oil,saffola total-pro heart conscious edible oil,total-pro heart conscious edible tel,saffola total-pro heart conscious edible tel"
P0052,Pure Cow Ghee,mother dairy,"Foodgrains, Oil & Masala",Edible Oils & Ghee,,,938.0,1,"pure cow ghee,mother dairy pure cow ghee"
P0053,Multigrains Atta/Godihittu,Aashirvaad,"Foodgrains, Oil & Masala","Atta, Flours & Sooji",,,248.0,5,"multigrains atta/godihittu,aashirvaad multigrains atta/godihittu,multigrains aata/godihittu,aashirvaad multigrains aata/godihittu"
P0054,Nature's Super Foods - Gluten Free Flour,Aashirvaad,"Foodgrains, Oil & Masala","Atta, Flours & Sooji",,,186.2,2,"nature's super foods - gluten free flour,aashirvaad nature's super foods - gluten free flour"
P0055,Nature's Super Foods - Multi Millet Mix,Aashirvaad,"Foodgrains, Oil & Masala","Atta, Flours & Sooji",,,73.5,9,"nature's super foods - multi millet mix,aashirvaad nature's super foods - multi millet mix"
P0056,Nature's Super Foods - Ragi Flour/Ragi Hittu,Aashirvaad,"Foodgrains, Oil & Masala","Atta, Flours & Sooji",,,45.0,6,"nature's super foods - ragi flour/ragi hittu,aashirvaad nature's super foods - ragi flour/ragi hittu"
P0057,Nature's Super Foods Organic Arhar/Tur Dal,Aashirvaad,"Foodgrains, Oil & Masala",Organic Staples,,,103.5,3,"nature's super foods organic arhar/tur dal,aashirvaad nature's super foods organic arhar/tur dal"
P0058,Nature's Super Foods Organic Atta,Aashirvaad,"Foodgrains, Oil & Masala",Organic Staples,,,270.0,10,"nature's super foods organic atta,aashirvaad nature's super foods organic atta,nature's super foods organic aata,aashirvaad nature's super foods organic aata"
P0059,Nature's Super Foods Organic Chana Dal,Aashirvaad,"Foodgrains, Oil & Masala",Organic Staples,,,94.5,0,"nature's super foods organic chana dal,aashirvaad nature's super foods organic chana dal"
P0060,Nature's Super Foods Organic Moong Dal/Hesaru Bele,Aashirvaad,"Foodgrains, Oil & Masala",Organic Staples,,,109.25,4,"nature's super foods organic moong dal/hesaru bele,aashirvaad nature's super foods organic moong dal/hesaru bele"
P0061,Nature's Super Foods Organic Urad Dal/Uddina Bele,Aashirvaad,"Foodgrains, Oil & Masala",Organic Staples,,,225.25,1,"nature's super foods organic urad dal/uddina bele,aashirvaad nature's super foods organic urad dal/uddina bele"
P0062,Powder - Chilli,Aashirvaad,"Foodgrains, Oil & Masala",Masalas & Spices,,,80.0,8,"powder - chilli,aashirvaad powder - chilli"
P0063,Powder - Coriander,Aashirvaad,"Foodgrains, Oil & Masala",Masalas & Spices,,,32.0,5,"powder - coriander,aashirvaad powder - coriander"
P0064,Punjabi Chole Masala,Aashirvaad,"Foodgrains, Oil & Masala",Masalas & Spices,,,48.36,2,"punjabi chole masala,aashirvaad punjabi chole masala"
P0065,Salt/Uppu - Proactive,Aashirvaad,"Foodgrains, Oil & Masala","Salt, Sugar & Jaggery",,,20.0,9,"salt/uppu - proactive,aashirvaad salt/uppu - proactive,namak/uppu - proactive,aashirvaad namak/uppu - proactive"
P0066,Sambar Masala,Aashirvaad,"Foodgrains, Oil & Masala",Masalas & Spices,,,31.0,6,"sambar masala,aashirvaad sambar masala"
P0067,Select Atta/Godihittu,Aashirvaad,"Foodgrains, Oil & Masala","Atta, Flours & Sooji",,,248.0,3,"select atta/godihittu,aashirvaad select atta/godihittu,select aata/godihittu,aashirvaad select aata/godihittu"
P0068,Shahi Garam Masala,Aashirvaad,"Foodgrains, Oil & Masala",Masalas & Spices,,,70.2,10,"shahi garam masala,aashirvaad shahi garam masala"
P0069,Sugar Release Control Atta/Godihittu,Aashirvaad,"Foodgrains, Oil & Masala","Atta, Flours & Sooji",,,313.5,1,"sugar release control atta/godihittu,aashirvaad sugar release control atta/godihittu,sugar release control aata/godihittu,chini release control atta/godihittu,aashirvaad sugar release control aata/godihittu,aashirvaad chini release control atta/godihittu"
P0070,Turmeric Powder/Arisina Pudi,Aashirvaad,"Foodgrains, Oil & Masala",Masalas & Spices,,,32.0,4,"turmeric powder/arisina pudi,aashirvaad turmeric powder/arisina pudi"
P0071,Amchur Powder,Catch,"Foodgrains, Oil & Masala",Masalas & Spices,,,120.36,1,"amchur powder,catch amchur powder"
P0072,Biryani Masala,Catch,"Foodgrains, Oil & Masala",Masalas & Spices,,,59.5,8,"biryani masala,catch biryani masala"
P0073,Black Pepper Powder,Catch,"Foodgrains, Oil & Masala",Masalas & Spices,,,127.5,5,"black pepper powder,catch black pepper powder"
P0074,Black Salt/Uppu - Grinder,Catch,"Foodgrains, Oil & Masala","Salt, Sugar & Jaggery",,,84.15,2,"black salt/uppu - grinder,catch black salt/uppu - grinder,black namak/uppu - grinder,catch black namak/uppu - grinder"
P0075,Chana Masala,Catch,"Foodgrains, Oil & Masala",Masalas & Spices,,,53.55,9,"chana masala,catch chana masala"
P0076,Chatpata Chat Masala,Catch,"Foodgrains, Oil & Masala",Masalas & Spices,,,55.25,6,"chatpata chat masala,catch chatpata chat masala"
P0077,Coriander Powder,Catch,"Foodgrains, Oil & Masala",Masalas & Spices,,,85.76,3,"coriander powder,catch coriander powder"
P0078,Crystal Rock Salt/Uppu - Grinder,Catch,"Foodgrains, Oil & Masala","Salt, Sugar & Jaggery",,,99.0,10,"crystal rock salt/uppu - grinder,catch crystal rock salt/uppu - grinder,crystal rock namak/uppu - grinder,catch crystal rock namak/uppu - grinder"
P0079,Garam Masala,Catch,"Foodgrains, Oil & Masala",Masalas & Spices,,,117.35,7,"garam masala,catch garam masala"
P0080,Garlic Paste,Catch,"Foodgrains, Oil & Masala",Masalas & Spices,,,24.0,4,"garlic paste,catch garlic paste"
P0081,Hing/Asafoetida,Catch,"Foodgrains, Oil & Masala",Masalas & Spices,,,38.25,1,"hing/asafoetida,catch hing/asafoetida"
P0082,Italian Seasoning Grinder,Catch,"Foodgrains, Oil & Masala",Masalas & Spices,,,126.65,8,"italian seasoning grinder,catch italian seasoning grinder"
P0083,Jaljeera,Catch,"Foodgrains, Oil & Masala",Masalas & Spices,,,50.0,5,"jaljeera,catch jaljeera"
P0084,Jeera Powder,Catch,"Foodgrains, Oil & Masala",Masalas & Spices,,,44.2,2,"jeera powder,catch jeera powder"
P0085,Jeera/Jeerige - Whole,Catch,"Foodgrains, Oil & Masala",Masalas & Spices,,,67.15,9,"jeera/jeerige - whole,catch jeera/jeerige - whole"
P0086,Kitchen King,Catch,"Foodgrains, Oil & Masala",Masalas & Spices,,,105.31,1,"kitchen king,catch kitchen king"
P0087,Magic Masala Grinder,Catch,"Foodgrains, Oil & Masala",Masalas & Spices,,,118.15,3,"magic masala grinder,catch magic masala grinder"
P0088,Methi/Menthya Dana - Whole,Catch,"Foodgrains, Oil & Masala",Masalas & Spices,,,21.25,0,"methi/menthya dana - whole,catch methi/menthya dana - whole"
P0089,Pav Bhaji Masala,Catch,"Foodgrains, Oil & Masala",Masalas & Spices,,,56.1,7,"pav bhaji masala,catch pav bhaji masala"
P0090,Pink Rock Salt/Uppu Grinder,Catch,"Foodgrains, Oil & Masala","Salt, Sugar & Jaggery",,,84.15,4,"pink rock salt/uppu grinder,catch pink rock salt/uppu grinder,pink rock namak/uppu grinder,catch pink rock namak/uppu grinder"
P0091,Pudina Chutney Masala,Catch,"Foodgrains, Oil & Masala",Masalas & Spices,,,46.75,1,"pudina chutney masala,catch pudina chutney masala"
P0092,Rai - Whole,Catch,"Foodgrains, Oil & Masala",Masalas & Spices,,,21.25,8,"rai - whole,catch rai - whole"
P0093,Raita Masala,Catch,"Foodgrains, Oil & Masala",Masalas & Spices,,,60.0,5,"raita masala,catch raita masala"
P0094,Rajma Masala,Catch,"Foodgrains, Oil & Masala",Masalas & Spices,,,53.55,2,"rajma masala,catch rajma masala"
P0095,Red Chilli Powder/Menasina Pudi,Catch,"Foodgrains, Oil & Masala",Masalas & Spices,,,178.5,9,"red chilli powder/menasina pudi,catch red chilli powder/menasina pudi"
P0096,Sabzi Masala,Catch,"Foodgrains, Oil & Masala",Masalas & Spices,,,45.9,6,"sabzi masala,catch sabzi masala"
P0097,Sambhar Masala,Catch,"Foodgrains, Oil & Masala",Masalas & Spices,,,53.55,3,"sambhar masala,catch sambhar masala"
P0098,Saunf/Sompu Powder,Catch,"Foodgrains, Oil & Masala",Masalas & Spices,,,42.5,10,"saunf/sompu powder,catch saunf/sompu powder"
P0099,Sprinklers - Black Pepper,Catch,"Foodgrains, Oil & Masala",Masalas & Spices,,,175.5,7,"sprinklers - black pepper,catch sprinklers - black pepper"
P0100,Sprinklers - Chat Masala,Catch,"Foodgrains, Oil & Masala",Masalas & Spices,,,68.0,4,"sprinklers - chat masala,catch sprinklers - chat masala"
P0101,Sprinklers - Iodised Table Salt/Uppu,Catch,"Foodgrains, Oil & Masala","Salt, Sugar & Jaggery",,,35.0,1,"sprinklers - iodised table salt/uppu,catch sprinklers - iodised table salt/uppu,sprinklers - iodised table namak/uppu,catch sprinklers - iodised table namak/uppu"
P0102,Turmeric Powder/Arisina Pudi,Catch,"Foodgrains, Oil & Masala",Masalas & Spices,,,114.75,8,"turmeric powder/arisina pudi,catch turmeric powder/arisina pudi"
P0103,Chaat Masala,Everest,"Foodgrains, Oil & Masala",Masalas & Spices,,,35.0,1,"chaat masala,everest chaat masala"
P0104,Chhole Masala,Everest,"Foodgrains, Oil & Masala",Masalas & Spices,,,67.0,2,"chhole masala,everest chhole masala"
P0105,Garam Masala,Everest,"Foodgrains, Oil & Masala",Masalas & Spices,,,78.0,9,"garam masala,everest garam masala"
P0106,Hing - Yellow,Everest,"Foodgrains, Oil & Masala",Masalas & Spices,,,130.0,6,"hing - yellow,everest hing - yellow"
P0107,Hing-Asafoetida Powder - Yellow,Everest,"Foodgrains, Oil & Masala",Masalas & Spices,,,70.0,3,"hing-asafoetida powder - yellow,everest hing-asafoetida powder - yellow"
P0108,Kasuri Methi,Everest,"Foodgrains, Oil & Masala",Masalas & Spices,,,350.0,10,"kasuri methi,everest kasuri methi"
P0109,Kitchen King Masala,Everest,"Foodgrains, Oil & Masala",Masalas & Spices,,,65.0,7,"kitchen king masala,everest kitchen king masala"
P0110,Masala - Chhole,Everest,"Foodgrains, Oil & Masala",Masalas & Spices,,,125.0,4,"masala - chhole,everest masala - chhole"
P0111,Masala - Sambhar,Everest,"Foodgrains, Oil & Masala",Masalas & Spices,,,125.0,1,"masala - sambhar,everest masala - sambhar"
P0112,Masala - Shahi Biryani,Everest,"Foodgrains, Oil & Masala",Masalas & Spices,,,67.9,8,"masala - shahi biryani,everest masala - shahi biryani"
P0113,Masala - Tea,Everest,"Foodgrains, Oil & Masala",Masalas & Spices,,,98.0,5,"masala - tea,everest masala - tea,masala - chai,everest masala - chai"
P0114,Pani Puri Masala,Everest,"Foodgrains, Oil & Masala",Masalas & Spices,,,31.0,2,"pani puri masala,everest pani puri masala"
P0115,Pav Bhaji Masala,Everest,"Foodgrains, Oil & Masala",Masalas & Spices,,,64.02,9,"pav bhaji masala,everest pav bhaji masala"
P0116,Powder - Black Pepper,Everest,"Foodgrains, Oil & Masala",Masalas & Spices,,,70.0,6,"powder - black pepper,everest powder - black pepper"
P0117,Powder - Coriander,Everest,"Foodgrains, Oil & Masala",Masalas & Spices,,,60.14,0,"powder - coriander,everest powder - coriander"
P0118,Powder - Cumin,Everest,"Foodgrains, Oil & Masala",Masalas & Spices,,,51.0,10,"powder - cumin,everest powder - cumin"
P0119,Powder - Dry Mango,Everest,"Foodgrains, Oil & Masala",Masalas & Spices,,,80.0,7,"powder - dry mango,everest powder - dry mango"
P0120,Powder - Green Coriander,Everest,"Foodgrains, Oil & Masala",Masalas & Spices,,,60.14,1,"powder - green coriander,everest powder - green coriander"
P0121,Powder - Hingraj,Everest,"Foodgrains, Oil & Masala",Masalas & Spices,,,152.0,1,"powder - hingraj,everest powder - hingraj"
P0122,Powder - Jaljira,Everest,"Foodgrains, Oil & Masala",Masalas & Spices,,,50.0,8,"powder - jaljira,everest powder - jaljira"
P0123,Powder - Kashmirilal Ground Chilly,Everest,"Foodgrains, Oil & Masala",Masalas & Spices,,,78.0,5,"powder - kashmirilal ground chilly,everest powder - kashmirilal ground chilly"
P0124,Powder - Kutilal Red Chilli,Everest,"Foodgrains, Oil & Masala",Masalas & Spices,,,46.0,2,"powder - kutilal red chilli,everest powder - kutilal red chilli"
P0125,Powder - Tikhalal,Everest,"Foodgrains, Oil & Masala",Masalas & Spices,,,94.09,9,"powder - tikhalal,everest powder - tikhalal"
P0126,Powder - Tikhalal Chilli,Everest,"Foodgrains, Oil & Masala",Masalas & Spices,,,91.18,6,"powder - tikhalal chilli,everest powder - tikhalal chilli"
P0127,Sabji Masala,Everest,"Foodgrains, Oil & Masala",Masalas & Spices,,,29.0,3,"sabji masala,everest sabji masala"
P0128,Saffron,Everest,"Foodgrains, Oil & Masala",Masalas & Spices,,,240.8,10,"saffron,everest saffron"
P0129,Turmeric Powder/Arisina Pudi,Everest,"Foodgrains, Oil & Masala",Masalas & Spices,,,64.99,7,"turmeric powder/arisina pudi,everest turmeric powder/arisina pudi"
P0130,Basmati Rice/Basmati Akki - Biryani Special,Fortune,"Foodgrains, Oil & Masala",Rice & Rice Products,,,549.0,4,"basmati rice/basmati akki - biryani special,fortune basmati rice/basmati akki - biryani special,basmati chawal/basmati akki - biryani special,fortune basmati chawal/basmati akki - biryani special"
P0131,Basmati Rice/Basmati Akki - Rozana,Fortune,"Foodgrains, Oil & Masala",Rice & Rice Products,,,71.0,1,"basmati rice/basmati akki - rozana,fortune basmati rice/basmati akki - rozana,basmati chawal/basmati akki - rozana,fortune basmati chawal/basmati akki - rozana"
P0132,Basmati Rice/Basmati Akki - Super,Fortune,"Foodgrains, Oil & Masala",Rice & Rice Products,,,170.0,8,"basmati rice/basmati akki - super,fortune basmati rice/basmati akki - super,basmati chawal/basmati akki - super,fortune basmati chawal/basmati akki - super"
P0133,Chakki Fresh Atta/Godihittu,Fortune,"Foodgrains, Oil & Masala","Atta, Flours & Sooji",,,369.0,5,"chakki fresh atta/godihittu,fortune chakki fresh atta/godihittu,chakki fresh aata/godihittu,fortune chakki fresh aata/godihittu"
P0134,Classic Basmati Rice/Basmati Akki - Biryani,Fortune,"Foodgrains, Oil & Masala",Rice & Rice Products,,,155.0,2,"classic basmati rice/basmati akki - biryani,fortune classic basmati rice/basmati akki - biryani,classic basmati chawal/basmati akki - biryani,fortune classic basmati chawal/basmati akki - biryani"
P0135,Everyday Basmati Rice/Basmati Akki,Fortune,"Foodgrains, Oil & Masala",Rice & Rice Products,,,421.0,9,"everyday basmati rice/basmati akki,fortune everyday basmati rice/basmati akki,everyday basmati chawal/basmati akki,fortune everyday basmati chawal/basmati akki"
P0136,Masala-Ae-Magic Seasoning - Vegetable Masala,MAGGI,"Foodgrains, Oil & Masala",Masalas & Spices,,,52.0,6,"masala-ae-magic seasoning - vegetable masala,maggi masala-ae-magic seasoning - vegetable masala"
P0137,Chilli Powder/Menasina Pudi - Stemless,MTR,"Foodgrains, Oil & Masala",Masalas & Spices,,,67.5,1,"chilli powder/menasina pudi - stemless,mtr chilli powder/menasina pudi - stemless"
P0138,Gojju Magic Masala Powder,MTR,"Foodgrains, Oil & Masala",Masalas & Spices,,,20.1,10,"gojju magic masala powder,mtr gojju magic masala powder"
P0139,Masala - Bisibelebath Powder,MTR,"Foodgrains, Oil & Masala",Masalas & Spices,,,54.0,7,"masala - bisibelebath powder,mtr masala - bisibelebath powder"
P0140,Masala - Chana Masala,MTR,"Foodgrains, Oil & Masala",Masalas & Spices,,,80.0,4,"masala - chana masala,mtr masala - chana masala"
P0141,Masala - Garam,MTR,"Foodgrains, Oil & Masala",Masalas & Spices,,,49.4,1,"masala - garam,mtr masala - garam"
P0142,Masala - Garam Masala,MTR,"Foodgrains, Oil & Masala",Masalas & Spices,,,95.0,8,"masala - garam masala,mtr masala - garam masala"
P0143,Masala - Karam Powder,MTR,"Foodgrains, Oil & Masala",Masalas & Spices,,,99.0,5,"masala - karam powder,mtr masala - karam powder"
P0144,Masala - Lemon Rice Powder,MTR,"Foodgrains, Oil & Masala",Masalas & Spices,,,10.0,2,"masala - lemon rice powder,mtr masala - lemon rice powder,masala - lemon chawal powder,mtr masala - lemon chawal powder"
P0145,Masala - Pulao,MTR,"Foodgrains, Oil & Masala",Masalas & Spices,,,90.0,9,"masala - pulao,mtr masala - pulao"
P0146,Masala - Puliogare Powder,MTR,"Foodgrains, Oil & Masala",Masalas & Spices,,,103.0,0,"masala - puliogare powder,mtr masala - puliogare powder"
P0147,Masala - Rasam Powder,MTR,"Foodgrains, Oil & Masala",Masalas & Spices,,,103.0,3,"masala - rasam powder,mtr masala - rasam powder"
P0148,Masala - Sambar Powder,MTR,"Foodgrains, Oil & Masala",Masalas & Spices,,,225.0,10,"masala - sambar powder,mtr masala - sambar powder"
P0149,Masala - Spicy Sambar Powder,MTR,"Foodgrains, Oil & Masala",Masalas & Spices,,,103.5,7,"masala - spicy sambar powder,mtr masala - spicy sambar powder"
P0150,Masala - Tomato Rice Powder,MTR,"Foodgrains, Oil & Masala",Masalas & Spices,,,10.0,4,"masala - tomato rice powder,mtr masala - tomato rice powder,masala - tomato chawal powder,mtr masala - tomato chawal powder"
P0151,Masala - Vangibath Powder,MTR,"Foodgrains, Oil & Masala",Masalas & Spices,,,107.0,1,"masala - vangibath powder,mtr masala - vangibath powder"
P0152,Masala Paste - Puliogare Paste,MTR,"Foodgrains, Oil & Masala",Masalas & Spices,,,90.0,8,"masala paste - puliogare paste,mtr masala paste - puliogare paste"
P0153,Powder - Black Pepper,MTR,"Foodgrains, Oil & Masala",Masalas & Spices,,,165.0,5,"powder - black pepper,mtr powder - black pepper"
P0154,Powder - Coriander,MTR,"Foodgrains, Oil & Masala",Masalas & Spices,,,29.0,1,"powder - coriander,mtr powder - coriander"
P0155,Powder - Cumin,MTR,"Foodgrains, Oil & Masala",Masalas & Spices,,,55.0,9,"powder - cumin,mtr powder - cumin"
P0156,Powder - Hing,MTR,"Foodgrains, Oil & Masala",Masalas & Spices,,,72.0,6,"powder - hing,mtr powder - hing"
P0157,Turmeric Powder/Arisina Pudi,MTR,"Foodgrains, Oil & Masala",Masalas & Spices,,,28.8,3,"turmeric powder/arisina pudi,mtr turmeric powder/arisina pudi"
P0158,Amritsari Shahi Warian,Mdh,"Foodgrains, Oil & Masala",Masalas & Spices,,,65.0,10,"amritsari shahi warian,mdh amritsari shahi warian"
P0159,Chunky Chat,Mdh,"Foodgrains, Oil & Masala",Masalas & Spices,,,65.0,7,"chunky chat,mdh chunky chat"
P0160,Chutney Podina Masala,Mdh,"Foodgrains, Oil & Masala",Masalas & Spices,,,55.0,4,"chutney podina masala,mdh chutney podina masala"
P0161,DEGGI MIRCH PWDR,Mdh,"Foodgrains, Oil & Masala",Masalas & Spices,,,385.0,1,"deggi mirch pwdr,mdh deggi mirch pwdr"
P0162,Dhania,Mdh,"Foodgrains, Oil & Masala",Masalas & Spices,,,67.0,8,"dhania,mdh dhania"
P0163,Hing,Mdh,"Foodgrains, Oil & Masala",Masalas & Spices,,,65.28,5,"hing,mdh hing"
P0164,Lal Mirch Powder,Mdh,"Foodgrains, Oil & Masala",Masalas & Spices,,,87.0,2,"lal mirch powder,mdh lal mirch powder"
P0165,Masala - Birayani Pulao,Mdh,"Foodgrains, Oil & Masala",Masalas & Spices,,,80.0,9,"masala - birayani pulao,mdh masala - birayani pulao"
P0166,Masala - Chana,Mdh,"Foodgrains, Oil & Masala",Masalas & Spices,,,62.4,6,"masala - chana,mdh masala - chana"
P0167,Masala - Dal Makhni,Mdh,"Foodgrains, Oil & Masala",Masalas & Spices,,,65.0,3,"masala - dal makhni,mdh masala - dal makhni"
P0168,Masala - Garam,Mdh,"Foodgrains, Oil & Masala",Masalas & Spices,,,74.88,10,"masala - garam,mdh masala - garam"
P0169,Masala - Jal Jeera,Mdh,"Foodgrains, Oil & Masala",Masalas & Spices,,,55.0,7,"masala - jal jeera,mdh masala - jal jeera"
P0170,Masala - Kitchen King,Mdh,"Foodgrains, Oil & Masala",Masalas & Spices,,,67.2,4,"masala - kitchen king,mdh masala - kitchen king"
P0171,Masala - Pav Bhaji,Mdh,"Foodgrains, Oil & Masala",Masalas & Spices,,,34.92,1,"masala - pav bhaji,mdh masala - pav bhaji"
P0172,Masala - Sambar,Mdh,"Foodgrains, Oil & Masala",Masalas & Spices,,,64.0,8,"masala - sambar,mdh masala - sambar"
P0173,Pani Puri,Mdh,"Foodgrains, Oil & Masala",Masalas & Spices,,,55.0,5,"pani puri,mdh pani puri"
P0174,Peacock - Kasoori Methi,Mdh,"Foodgrains, Oil & Masala",Masalas & Spices,,,44.16,2,"peacock - kasoori methi,mdh peacock - kasoori methi"
P0175,Powder - Amchoor,Mdh,"Foodgrains, Oil & Masala",Masalas & Spices,,,72.96,0,"powder - amchoor,mdh powder - amchoor"
P0176,Powder - Black Pepper,Mdh,"Foodgrains, Oil & Masala",Masalas & Spices,,,66.0,6,"powder - black pepper,mdh powder - black pepper"
P0177,Powder - Chilly (Kashmiri),Mdh,"Foodgrains, Oil & Masala",Masalas & Spices,,,41.0,3,"powder - chilly (kashmiri),mdh powder - chilly (kashmiri)"
P0178,Powder - Curry,Mdh,"Foodgrains, Oil & Masala",Masalas & Spices,,,60.0,10,"powder - curry,mdh powder - curry"
P0179,Powder - Deggi Mirch,Mdh,"Foodgrains, Oil & Masala",Masalas & Spices,,,78.0,7,"powder - deggi mirch,mdh powder - deggi mirch"
P0180,Powder - Dhaniya,Mdh,"Foodgrains, Oil & Masala",Masalas & Spices,,,158.4,4,"powder - dhaniya,mdh powder - dhaniya"
P0181,Powder - Haldi,Mdh,"Foodgrains, Oil & Masala",Masalas & Spices,,,32.98,1,"powder - haldi,mdh powder - haldi"
P0182,Powder - Kashmiri Chilli,Mdh,"Foodgrains, Oil & Masala",Masalas & Spices,,,74.88,8,"powder - kashmiri chilli,mdh powder - kashmiri chilli"
P0183,Powder - Lal Mirch,Mdh,"Foodgrains, Oil & Masala",Masalas & Spices,,,44.62,5,"powder - lal mirch,mdh powder - lal mirch"
P0184,Sabzi Masala - Multi-Purpose Use,Mdh,"Foodgrains, Oil & Masala",Masalas & Spices,,,52.0,2,"sabzi masala - multi-purpose use,mdh sabzi masala - multi-purpose use"
P0185,Soya Granules,Mdh,"Foodgrains, Oil & Masala",Dals & Pulses,,,45.0,9,"soya granules,mdh soya granules"
P0186,Soyatei - Masala,Mdh,"Foodgrains, Oil & Masala",Masalas & Spices,,,52.0,6,"soyatei - masala,mdh soyatei - masala"
P0187,Soyatein - Minni Warian,Mdh,"Foodgrains, Oil & Masala",Dals & Pulses,,,40.5,3,"soyatein - minni warian,mdh soyatein - minni warian"
P0188,Soyatein - Protein Rich Warian,Mdh,"Foodgrains, Oil & Masala",Dals & Pulses,,,40.5,1,"soyatein - protein rich warian,mdh soyatein - protein rich warian"
P0189,Turmeric Powder/Arisina Pudi,Mdh,"Foodgrains, Oil & Masala",Masalas & Spices,,,55.0,7,"turmeric powder/arisina pudi,mdh turmeric powder/arisina pudi"
P0190,White Pepper Powder,Mdh,"Foodgrains, Oil & Masala",Masalas & Spices,,,170.0,4,"white pepper powder,mdh white pepper powder"
P0191,Coriander Powder,Patanjali,"Foodgrains, Oil & Masala",Masalas & Spices,,,24.0,1,"coriander powder,patanjali coriander powder"
P0192,Garam Masala Powder,Patanjali,"Foodgrains, Oil & Masala",Masalas & Spices,,,65.0,8,"garam masala powder,patanjali garam masala powder"
P0193,Namak,Patanjali,"Foodgrains, Oil & Masala","Salt, Sugar & Jaggery",,,15.0,5,"namak,patanjali namak"
P0194,Sabzi Masala,Patanjali,"Foodgrains, Oil & Masala",Masalas & Spices,,,45.0,2,"sabzi masala,patanjali sabzi masala"
P0195,Turmeric Powder/Arisina Pudi,Patanjali,"Foodgrains, Oil & Masala",Masalas & Spices,,,40.0,9,"turmeric powder/arisina pudi,patanjali turmeric powder/arisina pudi"
P0196,Mealmaker - Soya Chunks,Saffola,"Foodgrains, Oil & Masala",Dals & Pulses,,,69.0,6,"mealmaker - soya chunks,saffola mealmaker - soya chunks"
P0197,Mealmaker Masala Soya Mini Chunks,Saffola,"Foodgrains, Oil & Masala",Dals & Pulses,,,45.0,3,"mealmaker masala soya mini chunks,saffola mealmaker masala soya mini chunks"
P0198,6 Grain Khichdi Mix - Ready To Cook,Tata Sampann,"Foodgrains, Oil & Masala","Atta, Flours & Sooji",,,52.5,10,"6 grain khichdi mix - ready to cook,tata sampann 6 grain khichdi mix - ready to cook"
P0199,Besan/Kadale Hittu - Fine,Tata Sampann,"Foodgrains, Oil & Masala","Atta, Flours & Sooji",,,26.0,7,"besan/kadale hittu - fine,tata sampann besan/kadale hittu - fine"
P0200,Chilla Mix - Moong Dal/Hesaru Bele,Tata Sampann,"Foodgrains, Oil & Masala","Atta, Flours & Sooji",,,52.5,4,"chilla mix - moong dal/hesaru bele,tata sampann chilla mix - moong dal/hesaru bele"
P0201,Chilli Powder/Menasina Pudi,Tata Sampann,"Foodgrains, Oil & Masala",Masalas & Spices,,,44.16,1,"chilli powder/menasina pudi,tata sampann chilli powder/menasina pudi"
P0202,Coriander Powder,Tata Sampann,"Foodgrains, Oil & Masala",Masalas & Spices,,,116.25,8,"coriander powder,tata sampann coriander powder"
P0203,Dal Tadka Masala With Natural Oils,Tata Sampann,"Foodgrains, Oil & Masala",Masalas & Spices,,,52.5,5,"dal tadka masala with natural oils,tata sampann dal tadka masala with natural oils,dal tadka masala with natural tels,tata sampann dal tadka masala with natural tels"
P0204,Fine Besan/Kadale Hittu - 100% Chana Dal,Tata Sampann,"Foodgrains, Oil & Masala","Atta, Flours & Sooji",,,106.0,0,"fine besan/kadale hittu - 100% chana dal,tata sampann fine besan/kadale hittu - 100% chana dal"
P0205,Kabuli Chana/Kabuli Kadale,Tata Sampann,"Foodgrains, Oil & Masala",Dals & Pulses,,,177.6,1,"kabuli chana/kabuli kadale,tata sampann kabuli chana/kabuli kadale"
P0206,Low Oil Absorb Pakoda Mix,Tata Sampann,"Foodgrains, Oil & Masala","Atta, Flours & Sooji",,,52.5,6,"low oil absorb pakoda mix,tata sampann low oil absorb pakoda mix,low tel absorb pakoda mix,tata sampann low tel absorb pakoda mix"
P0207,Masala - Dal Tadka,Tata Sampann,"Foodgrains, Oil & Masala",Masalas & Spices,,,28.05,3,"masala - dal tadka,tata sampann masala - dal tadka"
P0208,Masala - Kitchen King,Tata Sampann,"Foodgrains, Oil & Masala",Masalas & Spices,,,29.75,10,"masala - kitchen king,tata sampann masala - kitchen king"
P0209,Masala - Punjabi Chhole,Tata Sampann,"Foodgrains, Oil & Masala",Masalas & Spices,,,28.05,7,"masala - punjabi chhole,tata sampann masala - punjabi chhole"
P0210,"Masoor Dal/Mysore Bele - Whole, Unpolished",Tata Sampann,"Foodgrains, Oil & Masala",Dals & Pulses,,,135.8,4,"masoor dal/mysore bele - whole, unpolished,tata sampann masoor dal/mysore bele - whole, unpolished"
P0211,Moong Dal/Hesaru Bele,Tata Sampann,"Foodgrains, Oil & Masala",Dals & Pulses,,,161.0,1,"moong dal/hesaru bele,tata sampann moong dal/hesaru bele"
P0212,Moong Whole,Tata Sampann,"Foodgrains, Oil & Masala",Dals & Pulses,,,84.11,8,"moong whole,tata sampann moong whole"
P0213,Organic Brown Chana,Tata Sampann,"Foodgrains, Oil & Masala",Organic Staples,,,76.5,5,"organic brown chana,tata sampann organic brown chana"
P0214,Organic Masoor Dal/Mysore Bele,Tata Sampann,"Foodgrains, Oil & Masala",Organic Staples,,,89.25,2,"organic masoor dal/mysore bele,tata sampann organic masoor dal/mysore bele"
P0215,Organic Moong Chilka,Tata Sampann,"Foodgrains, Oil & Masala",Organic Staples,,,108.8,9,"organic moong chilka,tata sampann organic moong chilka"
P0216,Organic Moong Dal/Hesaru Bele,Tata Sampann,"Foodgrains, Oil & Masala",Organic Staples,,,233.75,6,"organic moong dal/hesaru bele,tata sampann organic moong dal/hesaru bele"
P0217,Organic Urad - Whole,Tata Sampann,"Foodgrains, Oil & Masala",Organic Staples,,,105.0,3,"organic urad - whole,tata sampann organic urad - whole"
P0218,OrganicÂ Kabuli Chana/Kabuli Kadale,Tata Sampann,"Foodgrains, Oil & Masala",Organic Staples,,,106.25,10,"organicâ kabuli chana/kabuli kadale,tata sampann organicâ kabuli chana/kabuli kadale"
P0219,OrganicÂ Urad Dal/Uddina Bele,Tata Sampann,"Foodgrains, Oil & Masala",Organic Staples,,,116.45,7,"organicâ urad dal/uddina bele,tata sampann organicâ urad dal/uddina bele"
P0220,Pav Bhaji Masala With Natural Oils,Tata Sampann,"Foodgrains, Oil & Masala",Masalas & Spices,,,56.25,4,"pav bhaji masala with natural oils,tata sampann pav bhaji masala with natural oils,pav bhaji masala with natural tels,tata sampann pav bhaji masala with natural tels"
P0221,Punjabi Chole Masala With Natural Oils,Tata Sampann,"Foodgrains, Oil & Masala",Masalas & Spices,,,52.5,1,"punjabi chole masala with natural oils,tata sampann punjabi chole masala with natural oils,punjabi chole masala with natural tels,tata sampann punjabi chole masala with natural tels"
P0222,Red Rice Poha - Thick,Tata Sampann,"Foodgrains, Oil & Masala",Rice & Rice Products,,,59.5,1,"red rice poha - thick,tata sampann red rice poha - thick,red chawal poha - thick,tata sampann red chawal poha - thick"
P0223,Thick Poha,Tata Sampann,"Foodgrains, Oil & Masala",Rice & Rice Products,,,36.63,5,"thick poha,tata sampann thick poha"
P0224,Turmeric Powder/Arisina Pudi,Tata Sampann,"Foodgrains, Oil & Masala",Masalas & Spices,,,49.6,2,"turmeric powder/arisina pudi,tata sampann turmeric powder/arisina pudi"
P0225,Unpolished Chana Dal,Tata Sampann,"Foodgrains, Oil & Masala",Dals & Pulses,,,111.0,9,"unpolished chana dal,tata sampann unpolished chana dal"
P0226,Urad Dal/Uddina Bele,Tata Sampann,"Foodgrains, Oil & Masala",Dals & Pulses,,,89.18,6,"urad dal/uddina bele,tata sampann urad dal/uddina bele"
P0227,"Nangrow Milk Drink For Children-  Creamy Vanilla, 2 to 5 years",Nestle,Beverages,"Health Drink, Supplement",4.78,g,550.0,3,"nangrow milk drink for children-  creamy vanilla, 2 to 5 years,nestle nangrow milk drink for children-  creamy vanilla, 2 to 5 years,nangrow doodh drink for children-  creamy vanilla, 2 to 5 years,nestle nangrow doodh drink for children-  creamy vanilla, 2 to 5 years"
P0228,Milk Compound Slab - MCO-11,Amul,Snacks & Branded Foods,Chocolates & Candies,500.0,g,100.0,10,"milk compound slab - mco-11,amul milk compound slab - mco-11,doodh compound slab - mco-11,amul doodh compound slab - mco-11"
P0229,"Good Day Butter Cookies, (Get 22 g Extra)",Britannia,Snacks & Branded Foods,Biscuits & Cookies,22.0,g,57.0,7,"good day butter cookies, (get 22 g extra),britannia good day butter cookies, (get 22 g extra),good day makhan cookies, (get 22 g extra),britannia good day makhan cookies, (get 22 g extra)"
P0230,Nutri Choice Heavens Oats - Milk Almond 75 gm,Britannia,Snacks & Branded Foods,Biscuits & Cookies,75.0,g,30.0,4,"nutri choice heavens oats - milk almond 75 gm,britannia nutri choice heavens oats - milk almond 75 gm,nutri choice heavens oats - doodh almond 75 gm,britannia nutri choice heavens oats - doodh almond 75 gm"
P0231,Dream Cream Biscuits - Butterscotch Zing,Sunfeast,Snacks & Branded Foods,Biscuits & Cookies,120.0,g,20.0,1,"dream cream biscuits - butterscotch zing,sunfeast dream cream biscuits - butterscotch zing,dream cream biscuits - makhanscotch zing,sunfeast dream cream biscuits - makhanscotch zing"
P0232,Irish Drink Shot,Amul,"Bakery, Cakes & Dairy",Dairy,,,20.0,8,"irish drink shot,amul irish drink shot"
P0233,Kool Sugarfree Elaichi Drink,Amul,"Bakery, Cakes & Dairy",Dairy,,,25.0,0,"kool sugarfree elaichi drink,amul kool sugarfree elaichi drink,kool chinifree elaichi drink,amul kool chinifree elaichi drink"
P0234,Kool Sugarfree Kesar Drink,Amul,"Bakery, Cakes & Dairy",Dairy,,,25.0,2,"kool sugarfree kesar drink,amul kool sugarfree kesar drink,kool chinifree kesar drink,amul kool chinifree kesar drink"
P0235,Badam Drink,MTR,"Bakery, Cakes & Dairy",Dairy,,,50.0,9,"badam drink,mtr badam drink"
P0236,Chocolate Drink,MTR,"Bakery, Cakes & Dairy",Dairy,,,50.0,6,"chocolate drink,mtr chocolate drink"
P0237,Ready to Drink Coffee Flavoured Milk - Iced Latte,Nescafe,"Bakery, Cakes & Dairy",Dairy,,,45.0,3,"ready to drink coffee flavoured milk - iced latte,nescafe ready to drink coffee flavoured milk - iced latte,ready to drink coffee flavoured doodh - iced latte,nescafe ready to drink coffee flavoured doodh - iced latte"
P0238,Ready to Drink Coffee Flavoured Milk - Intense Cappuccino,Nescafe,"Bakery, Cakes & Dairy",Dairy,,,45.0,10,"ready to drink coffee flavoured milk - intense cappuccino,nescafe ready to drink coffee flavoured milk - intense cappuccino,ready to drink coffee flavoured doodh - intense cappuccino,nescafe ready to drink coffee flavoured doodh - intense cappuccino"
P0239,Chocolate Shake With Real Belgian Chocolate,Sunfeast,"Bakery, Cakes & Dairy",Dairy,,,29.75,1,"chocolate shake with real belgian chocolate,sunfeast chocolate shake with real belgian chocolate"
P0240,Milk Shake - Chocolate,mother dairy,"Bakery, Cakes & Dairy",Dairy,,,72.9,4,"milk shake - chocolate,mother dairy milk shake - chocolate,doodh shake - chocolate,mother dairy doodh shake - chocolate"
P0241,Badam Milkshake With Real Badam Bits,Sunfeast,Beverages,Energy & Soft Drinks,,,80.33,1,"badam milkshake with real badam bits,sunfeast badam milkshake with real badam bits,badam doodhshake with real badam bits,sunfeast badam doodhshake with real badam bits"
P0242,Strawberry Milkshake With Real Strawberry Pulp,Sunfeast,Beverages,Energy & Soft Drinks,,,80.33,8,"strawberry milkshake with real strawberry pulp,sunfeast strawberry milkshake with real strawberry pulp,strawberry doodhshake with real strawberry pulp,sunfeast strawberry doodhshake with real strawberry pulp"
P0243,Vanilla Milkshake With Real Vanilla Extracts,Sunfeast,Beverages,Energy & Soft Drinks,,,80.33,5,"vanilla milkshake with real vanilla extracts,sunfeast vanilla milkshake with real vanilla extracts,vanilla doodhshake with real vanilla extracts,sunfeast vanilla doodhshake with real vanilla extracts"
P0244,Almondo - Roasted Almonds Coated With Milk Chocolate,Amul,Snacks & Branded Foods,Chocolates & Candies,,,200.0,2,"almondo - roasted almonds coated with milk chocolate,amul almondo - roasted almonds coated with milk chocolate,almondo - roasted almonds coated with doodh chocolate,amul almondo - roasted almonds coated with doodh chocolate"
P0245,"Belgian Milk Chocolate, Velvety & Smooth",Amul,Snacks & Branded Foods,Chocolates & Candies,,,140.0,9,"belgian milk chocolate, velvety & smooth,amul belgian milk chocolate, velvety & smooth,belgian doodh chocolate, velvety & smooth,amul belgian doodh chocolate, velvety & smooth"
P0246,Camel Milk Chocolate- Unique Treat Of Cocoa And Camel Milk,Amul,Snacks & Branded Foods,Chocolates & Candies,,,106.25,6,"camel milk chocolate- unique treat of cocoa and camel milk,amul camel milk chocolate- unique treat of cocoa and camel milk,camel doodh chocolate- unique treat of cocoa and camel doodh,amul camel doodh chocolate- unique treat of cocoa and camel doodh"
P0247,Choco Cracker - Magical Crystal With Milk Chocolate,Amul,Snacks & Branded Foods,Chocolates & Candies,,,140.0,3,"choco cracker - magical crystal with milk chocolate,amul choco cracker - magical crystal with milk chocolate,choco cracker - magical crystal with doodh chocolate,amul choco cracker - magical crystal with doodh chocolate"
P0248,Happy Birthday Milk Chocolate,Amul,Snacks & Branded Foods,Chocolates & Candies,,,90.0,10,"happy birthday milk chocolate,amul happy birthday milk chocolate,happy birthday doodh chocolate,amul happy birthday doodh chocolate"
P0249,Milk Chocolate,Amul,Snacks & Branded Foods,Chocolates & Candies,,,25.0,7,"milk chocolate,amul milk chocolate,doodh chocolate,amul doodh chocolate"
P0250,Milk Chocolate- Smooth & Creamy,Amul,Snacks & Branded Foods,Chocolates & Candies,,,88.0,4,"milk chocolate- smooth & creamy,amul milk chocolate- smooth & creamy,doodh chocolate- smooth & creamy,amul doodh chocolate- smooth & creamy"
P0251,Good Day Butter Cookies,Britannia,Snacks & Branded Foods,Biscuits & Cookies,,,27.0,1,"good day butter cookies,britannia good day butter cookies,good day makhan cookies,britannia good day makhan cookies"
P0252,Good Day Cookies - Butter,Britannia,Snacks & Branded Foods,Biscuits & Cookies,,,54.0,8,"good day cookies - butter,britannia good day cookies - butter,good day cookies - makhan,britannia good day cookies - makhan"
P0253,Milk Bikis Biscuits,Britannia,Snacks & Branded Foods,Biscuits & Cookies,,,60.0,5,"milk bikis biscuits,britannia milk bikis biscuits,doodh bikis biscuits,britannia doodh bikis biscuits"
P0254,Milk Bikis Milk Cream Biscuits,Britannia,Snacks & Branded Foods,Biscuits & Cookies,,,20.0,2,"milk bikis milk cream biscuits,britannia milk bikis milk cream biscuits,doodh bikis doodh cream biscuits,britannia doodh bikis doodh cream biscuits"
P0255,Nice Time - Sugar Showered Coconut Biscuits,Britannia,Snacks & Branded Foods,Biscuits & Cookies,,,132.3,9,"nice time - sugar showered coconut biscuits,britannia nice time - sugar showered coconut biscuits,nice time - chini showered coconut biscuits,britannia nice time - chini showered coconut biscuits"
P0256,NutriChoice Oats Cookies - Milk Almond,Britannia,Snacks & Branded Foods,Biscuits & Cookies,,,15.0,1,"nutrichoice oats cookies - milk almond,britannia nutrichoice oats cookies - milk almond,nutrichoice oats cookies - doodh almond,britannia nutrichoice oats cookies - doodh almond"
P0257,Pure Magic - Chocolate Biscuits,Britannia,Snacks & Branded Foods,Biscuits & Cookies,,,47.52,3,"pure magic - chocolate biscuits,britannia pure magic - chocolate biscuits"
P0258,Pure Magic Deuce Milk Choco Biscuits,Britannia,Snacks & Branded Foods,Biscuits & Cookies,,,40.0,10,"pure magic deuce milk choco biscuits,britannia pure magic deuce milk choco biscuits,pure magic deuce doodh choco biscuits,britannia pure magic deuce doodh choco biscuits"
P0259,Tiger Krunch Biscuits,Britannia,Snacks & Branded Foods,Biscuits & Cookies,,,50.0,7,"tiger krunch biscuits,britannia tiger krunch biscuits"
P0260,Treat Stars - Creme & Milk Choco Duo Cream Biscuits,Britannia,Snacks & Branded Foods,Biscuits & Cookies,,,18.0,4,"treat stars - creme & milk choco duo cream biscuits,britannia treat stars - creme & milk choco duo cream biscuits,treat stars - creme & doodh choco duo cream biscuits,britannia treat stars - creme & doodh choco duo cream biscuits"
P0261,Cheese Macaroni Pazzta,MAGGI,Snacks & Branded Foods,"Noodle, Pasta, Vermicelli",,,23.0,1,"cheese macaroni pazzta,maggi cheese macaroni pazzta"
P0262,Coconut Milk Powder,MAGGI,Snacks & Branded Foods,Ready To Cook & Eat,,,30.0,0,"coconut milk powder,maggi coconut milk powder,coconut doodh powder,maggi coconut doodh powder"
P0263,Pazzta Cheese Macaroni Family Saver Pack Pouch,MAGGI,Snacks & Branded Foods,"Noodle, Pasta, Vermicelli",,,48.0,5,"pazzta cheese macaroni family saver pack pouch,maggi pazzta cheese macaroni family saver pack pouch"
P0264,Powder - Coconut Milk,MAGGI,Snacks & Branded Foods,Ready To Cook & Eat,,,100.0,2,"powder - coconut milk,maggi powder - coconut milk,powder - coconut doodh,maggi powder - coconut doodh"
P0265,Minute Meals - Paneer Butter Masala & Veg Pulao Combo,MTR,Snacks & Branded Foods,Ready To Cook & Eat,,,131.25,9,"minute meals - paneer butter masala & veg pulao combo,mtr minute meals - paneer butter masala & veg pulao combo,minute meals - paneer makhan masala & veg pulao combo,mtr minute meals - paneer makhan masala & veg pulao combo"
P0266,Mix - Paneer Butter Masala,MTR,Snacks & Branded Foods,Ready To Cook & Eat,,,125.0,6,"mix - paneer butter masala,mtr mix - paneer butter masala,mix - paneer makhan masala,mtr mix - paneer makhan masala"
P0267,Ready To Eat - Muttar Paneer,MTR,Snacks & Branded Foods,Ready To Cook & Eat,,,135.0,3,"ready to eat - muttar paneer,mtr ready to eat - muttar paneer"
P0268,Ready To Eat - Palak Paneer,MTR,Snacks & Branded Foods,Ready To Cook & Eat,,,125.0,10,"ready to eat - palak paneer,mtr ready to eat - palak paneer"
P0269,Ready To Eat - Paneer Tikka Masala,MTR,Snacks & Branded Foods,Ready To Cook & Eat,,,125.0,7,"ready to eat - paneer tikka masala,mtr ready to eat - paneer tikka masala"
P0270,Ready To Eat - Shahi Paneer,MTR,Snacks & Branded Foods,Ready To Cook & Eat,,,135.0,4,"ready to eat - shahi paneer,mtr ready to eat - shahi paneer"
P0271,Classic Milk Chocolate Candy,Nestle,Snacks & Branded Foods,Chocolates & Candies,,,16.0,1,"classic milk chocolate candy,nestle classic milk chocolate candy,classic doodh chocolate candy,nestle classic doodh chocolate candy"
P0272,Kitkat Dessert Delight Tempting Truffle Wafer Coated With Milk Chocolate Tablets,Nestle,Snacks & Branded Foods,Chocolates & Candies,,,55.0,8,"kitkat dessert delight tempting truffle wafer coated with milk chocolate tablets,nestle kitkat dessert delight tempting truffle wafer coated with milk chocolate tablets,kitkat dessert delight tempting truffle wafer coated with doodh chocolate tablets,nestle kitkat dessert delight tempting truffle wafer coated with doodh chocolate tablets"
P0273,20-20 Cashew Butter Cookies,Parle,Snacks & Branded Foods,Biscuits & Cookies,,,25.0,1,"20-20 cashew butter cookies,parle 20-20 cashew butter cookies,20-20 cashew makhan cookies,parle 20-20 cashew makhan cookies"
P0274,Creams - Hide & Seek Creme Chocolate,Parle,Snacks & Branded Foods,Biscuits & Cookies,,,30.0,2,"creams - hide & seek creme chocolate,parle creams - hide & seek creme chocolate"
P0275,Creams - Hide & Seek Creme Orange,Parle,Snacks & Branded Foods,Biscuits & Cookies,,,30.0,9,"creams - hide & seek creme orange,parle creams - hide & seek creme orange"
P0276,Hide & Seek Chocolate,Parle,Snacks & Branded Foods,Biscuits & Cookies,,,53.46,6,"hide & seek chocolate,parle hide & seek chocolate"
P0277,Krackjack Biscuits - Butter Masala,Parle,Snacks & Branded Foods,Biscuits & Cookies,,,30.0,3,"krackjack biscuits - butter masala,parle krackjack biscuits - butter masala,krackjack biscuits - makhan masala,parle krackjack biscuits - makhan masala"
P0278,Glucose Biscuits,Sunfeast,Snacks & Branded Foods,Biscuits & Cookies,,,45.0,10,"glucose biscuits,sunfeast glucose biscuits"
P0279,Marie Light - Oats Fibre Biscuits,Sunfeast,Snacks & Branded Foods,Biscuits & Cookies,,,42.75,7,"marie light - oats fibre biscuits,sunfeast marie light - oats fibre biscuits"
P0280,Moms Magic - Fruit & Milk,Sunfeast,Snacks & Branded Foods,Biscuits & Cookies,,,45.0,4,"moms magic - fruit & milk,sunfeast moms magic - fruit & milk,moms magic - fruit & doodh,sunfeast moms magic - fruit & doodh"
P0281,Moms Magic Rich Butter Biscuits,Sunfeast,Snacks & Branded Foods,Biscuits & Cookies,,,102.6,1,"moms magic rich butter biscuits,sunfeast moms magic rich butter biscuits,moms magic rich makhan biscuits,sunfeast moms magic rich makhan biscuits"
P0282,Nice - Sugar Sprinkled Biscuits,Sunfeast,Snacks & Branded Foods,Biscuits & Cookies,,,67.5,8,"nice - sugar sprinkled biscuits,sunfeast nice - sugar sprinkled biscuits,nice - chini sprinkled biscuits,sunfeast nice - chini sprinkled biscuits"
P0283,Pasta Treat - Cheese,Sunfeast,Snacks & Branded Foods,"Noodle, Pasta, Vermicelli",,,45.0,5,"pasta treat - cheese,sunfeast pasta treat - cheese"
P0284,Yippee Pasta Treat -tomato-cheese,Sunfeast,Snacks & Branded Foods,"Noodle, Pasta, Vermicelli",,,25.0,2,"yippee pasta treat -tomato-cheese,sunfeast yippee pasta treat -tomato-cheese"
P0285,Ashwagandha Doodh,Amul,"Bakery, Cakes & Dairy",Dairy,180.0,ml,25.0,9,"ashwagandha doodh,amul ashwagandha doodh"
P0286,Haldi Doodh Shot,Amul,"Bakery, Cakes & Dairy",Dairy,125.0,ml,21.25,6,"haldi doodh shot,amul haldi doodh shot"
P0287,Honey Doodh Shot,Amul,"Bakery, Cakes & Dairy",Dairy,125.0,ml,21.25,3,"honey doodh shot,amul honey doodh shot"
P0288,Ice Cream - Caramel Cookies,Amul,"Bakery, Cakes & Dairy",Ice Creams & Desserts,7.4,g,200.0,10,"ice cream - caramel cookies,amul ice cream - caramel cookies"
P0289,Kool Cafe - Milk & Coffee,Amul,"Bakery, Cakes & Dairy",Dairy,200.0,ml,30.0,7,"kool cafe - milk & coffee,amul kool cafe - milk & coffee,kool cafe - doodh & coffee,amul kool cafe - doodh & coffee"
P0290,Kool Milk Shake - Mango,Amul,"Bakery, Cakes & Dairy",Dairy,100.0,ml,139.0,1,"kool milk shake - mango,amul kool milk shake - mango,kool doodh shake - mango,amul kool doodh shake - mango"
P0291,Panchamrit,Amul,"Bakery, Cakes & Dairy",Dairy,10.0,ml,225.0,0,"panchamrit,amul panchamrit"
P0292,Star Anise Doodh Shot,Amul,"Bakery, Cakes & Dairy",Dairy,125.0,ml,21.25,8,"star anise doodh shot,amul star anise doodh shot"
P0293,Tulsi Doodh Shot,Amul,"Bakery, Cakes & Dairy",Dairy,125.0,ml,22.0,5,"tulsi doodh shot,amul tulsi doodh shot"
P0294,Vanilla Milkshake,Amul,"Bakery, Cakes & Dairy",Dairy,125.0,g,180.0,2,"vanilla milkshake,amul vanilla milkshake,vanilla doodhshake,amul vanilla doodhshake"
P0295,Everyday Dairy Whitener - Milk Powder For Tea,Nestle,"Bakery, Cakes & Dairy",Dairy,100.0,ml,97.0,9,"everyday dairy whitener - milk powder for tea,nestle everyday dairy whitener - milk powder for tea,everyday dairy whitener - milk powder for chai,everyday dairy whitener - doodh powder for tea,nestle everyday dairy whitener - milk powder for chai,nestle everyday dairy whitener - doodh powder for tea"
P0296,Milkmaid Sweetened Condensed Milk,Nestle,"Bakery, Cakes & Dairy",Dairy,400.0,g,109.0,6,"milkmaid sweetened condensed milk,nestle milkmaid sweetened condensed milk,doodhmaid sweetened condensed doodh,nestle doodhmaid sweetened condensed doodh"
P0297,Milk Shake - Mango,mother dairy,"Bakery, Cakes & Dairy",Dairy,200.0,ml,27.0,3,"milk shake - mango,mother dairy milk shake - mango,doodh shake - mango,mother dairy doodh shake - mango"
P0298,Tiger Elaichi Cream Biscuits,Britannia,Snacks & Branded Foods,Biscuits & Cookies,,,5.0,10,"tiger elaichi cream biscuits,britannia tiger elaichi cream biscuits"
P0299,2-Minute Instant Noodles - Masala,MAGGI,Snacks & Branded Foods,"Noodle, Pasta, Vermicelli",70.0,g,60.39,7,"2-minute instant noodles - masala,maggi 2-minute instant noodles - masala"
P0300,2-Minute Noodles Masala,MAGGI,Snacks & Branded Foods,"Noodle, Pasta, Vermicelli",70.0,g,132.0,4,"2-minute noodles masala,maggi 2-minute noodles masala"
P0301,Masala 2 Minute Instant Noodles,MAGGI,Snacks & Branded Foods,"Noodle, Pasta, Vermicelli",70.0,g,22.8,1,"masala 2 minute instant noodles,maggi masala 2 minute instant noodles"
P0302,Noodles - Nutri-licious Masala Oats,MAGGI,Snacks & Branded Foods,"Noodle, Pasta, Vermicelli",72.5,g,98.0,8,"noodles - nutri-licious masala oats,maggi noodles - nutri-licious masala oats"
P0303,Nutri-licious Masala Veg Atta Noodles - Pouch,MAGGI,Snacks & Branded Foods,"Noodle, Pasta, Vermicelli",72.5,g,80.88,5,"nutri-licious masala veg atta noodles - pouch,maggi nutri-licious masala veg atta noodles - pouch,nutri-licious masala veg aata noodles - pouch,maggi nutri-licious masala veg aata noodles - pouch"
P0304,Munch Chocolate Coated Crunchy Wafer - Share Pack,Nestle,Snacks & Branded Foods,Biscuits & Cookies,11.1,g,80.0,2,"munch chocolate coated crunchy wafer - share pack,nestle munch chocolate coated crunchy wafer - share pack"
P0305,Happy Happy Choco-Chip Cookies,Parle,Snacks & Branded Foods,Biscuits & Cookies,,,5.0,9,"happy happy choco-chip cookies,parle happy happy choco-chip cookies"
P0306,Milk Shakti Biscuits - With The Goodness Of Milk,Parle,Snacks & Branded Foods,Biscuits & Cookies,,,9.0,6,"milk shakti biscuits - with the goodness of milk,parle milk shakti biscuits - with the goodness of milk,doodh shakti biscuits - with the goodness of doodh,parle doodh shakti biscuits - with the goodness of doodh"
P0307,"Oodles Ring Noodles - Yummy Masala, No Maida, Ready In 5 Mins",Saffola,Snacks & Branded Foods,"Noodle, Pasta, Vermicelli",260.0,ml,75.0,1,"oodles ring noodles - yummy masala, no maida, ready in 5 mins,saffola oodles ring noodles - yummy masala, no maida, ready in 5 mins"
P0308,Bounce Biscuits - Pineapple Creme,Sunfeast,Snacks & Branded Foods,Biscuits & Cookies,82.0,g,10.0,10,"bounce biscuits - pineapple creme,sunfeast bounce biscuits - pineapple creme"
P0309,"Sunfeast Yippee Tricolor Pasta - Masala, 2x65 g",Sunfeast,Snacks & Branded Foods,"Noodle, Pasta, Vermicelli",65.0,g,45.0,7,"sunfeast yippee tricolor pasta - masala, 2x65 g"
P0310,Amul Khoa,Amul,"Bakery, Cakes & Dairy",Dairy,,,75.0,4,amul khoa
P0311,Amulya Dairy Whitener,Amul,"Bakery, Cakes & Dairy",Dairy,,,380.0,1,amulya dairy whitener
P0312,Banana Milk Shake,Amul,"Bakery, Cakes & Dairy",Dairy,,,91.0,8,"banana milk shake,amul banana milk shake,banana doodh shake,amul banana doodh shake"
P0313,Butter - Pasteurised (School Pack),Amul,"Bakery, Cakes & Dairy",Dairy,,,56.43,5,"butter - pasteurised (school pack),amul butter - pasteurised (school pack),makhan - pasteurised (school pack),amul makhan - pasteurised (school pack)"
P0314,Butter - Pasteurized,Amul,"Bakery, Cakes & Dairy",Dairy,,,178.2,2,"butter - pasteurized,amul butter - pasteurized,makhan - pasteurized,amul makhan - pasteurized"
P0315,Butter Chiplets (Cubes),Amul,"Bakery, Cakes & Dairy",Dairy,,,433.5,9,"butter chiplets (cubes),amul butter chiplets (cubes),makhan chiplets (cubes),amul makhan chiplets (cubes)"
P0316,Butterscotch Gold Ice Cream,Amul,"Bakery, Cakes & Dairy",Ice Creams & Desserts,,,225.0,6,"butterscotch gold ice cream,amul butterscotch gold ice cream,makhanscotch gold ice cream,amul makhanscotch gold ice cream"
P0317,Buttery Spread - Garlic & Herbs,Amul,"Bakery, Cakes & Dairy",Dairy,,,45.54,3,"buttery spread - garlic & herbs,amul buttery spread - garlic & herbs,makhany spread - garlic & herbs,amul makhany spread - garlic & herbs"
P0318,Camel Milk,Amul,"Bakery, Cakes & Dairy",Dairy,,,25.0,10,"camel milk,amul camel milk,camel doodh,amul camel doodh"
P0319,Cheese Spread - Jeera,Amul,"Bakery, Cakes & Dairy",Dairy,,,80.0,7,"cheese spread - jeera,amul cheese spread - jeera"
P0320,Cheese Spread - Red Chilli Flakes,Amul,"Bakery, Cakes & Dairy",Dairy,,,80.0,0,"cheese spread - red chilli flakes,amul cheese spread - red chilli flakes"
P0321,Cookies N Cream Gold Ice Cream,Amul,"Bakery, Cakes & Dairy",Ice Creams & Desserts,,,225.0,1,"cookies n cream gold ice cream,amul cookies n cream gold ice cream"
P0322,Cooking Butter - Unsalted,Amul,"Bakery, Cakes & Dairy",Dairy,,,225.0,8,"cooking butter - unsalted,amul cooking butter - unsalted,cooking butter - unnamaked,cooking makhan - unsalted,amul cooking butter - unnamaked,amul cooking makhan - unsalted"
P0323,Double Choc Milkshake,Amul,"Bakery, Cakes & Dairy",Dairy,,,139.0,5,"double choc milkshake,amul double choc milkshake,double choc doodhshake,amul double choc doodhshake"
P0324,Fresh Toned Milk,Amul,"Bakery, Cakes & Dairy",Dairy,,,33.0,1,"fresh toned milk,amul fresh toned milk,fresh toned doodh,amul fresh toned doodh"
P0325,Homogenised Toned Milk,Amul,"Bakery, Cakes & Dairy",Dairy,,,61.0,9,"homogenised toned milk,amul homogenised toned milk,homogenised toned doodh,amul homogenised toned doodh"
P0326,Homogenized Milk,Amul,"Bakery, Cakes & Dairy",Dairy,,,35.0,6,"homogenized milk,amul homogenized milk,homogenized doodh,amul homogenized doodh"
P0327,Kadhai Doodh,Amul,"Bakery, Cakes & Dairy",Dairy,,,111.0,3,"kadhai doodh,amul kadhai doodh"
P0328,Kool - Badam,Amul,"Bakery, Cakes & Dairy",Dairy,,,20.0,10,"kool - badam,amul kool - badam"
P0329,Kool - Elaichi,Amul,"Bakery, Cakes & Dairy",Dairy,,,20.0,7,"kool - elaichi,amul kool - elaichi"
P0330,Kool - Kesar,Amul,"Bakery, Cakes & Dairy",Dairy,,,18.0,4,"kool - kesar,amul kool - kesar"
P0331,Kool - Koko,Amul,"Bakery, Cakes & Dairy",Dairy,,,111.0,1,"kool - koko,amul kool - koko"
P0332,Kool - Rose,Amul,"Bakery, Cakes & Dairy",Dairy,,,25.0,8,"kool - rose,amul kool - rose"
P0333,Almond Shampoo - With Almond-Vita Complex & Milk Extracts,Dabur,Beauty & Hygiene,Hair Care,,,450.0,5,"almond shampoo - with almond-vita complex & milk extracts,dabur almond shampoo - with almond-vita complex & milk extracts,almond shampoo - with almond-vita complex & doodh extracts,dabur almond shampoo - with almond-vita complex & doodh extracts"
P0334,"Vatika Select Shampoo - Coconut Milk Extract, Nourish & Restore",Dabur,Beauty & Hygiene,Hair Care,,,449.0,2,"vatika select shampoo - coconut milk extract, nourish & restore,dabur vatika select shampoo - coconut milk extract, nourish & restore,vatika select shampoo - coconut doodh extract, nourish & restore,dabur vatika select shampoo - coconut doodh extract, nourish & restore"
P0335,Toilet Cleaner - Lime Fresh,Domex,Cleaning & Household,All Purpose Cleaners,500.0,ml,174.44,9,"toilet cleaner - lime fresh,domex toilet cleaner - lime fresh,ttelet cleaner - lime fresh,domex ttelet cleaner - lime fresh"
P0336,Flushmatic In-Cistern Toilet Cleaner Blocks - Aquamarine,Harpic,Cleaning & Household,All Purpose Cleaners,50.0,g,198.99,6,"flushmatic in-cistern toilet cleaner blocks - aquamarine,harpic flushmatic in-cistern toilet cleaner blocks - aquamarine,flushmatic in-cistern ttelet cleaner blocks - aquamarine,harpic flushmatic in-cistern ttelet cleaner blocks - aquamarine"
P0337,Flushmatic In-Cistern Toilet Cleaner Blocks - Pine,Harpic,Cleaning & Household,All Purpose Cleaners,50.0,g,375.0,3,"flushmatic in-cistern toilet cleaner blocks - pine,harpic flushmatic in-cistern toilet cleaner blocks - pine,flushmatic in-cistern ttelet cleaner blocks - pine,harpic flushmatic in-cistern ttelet cleaner blocks - pine"
P0338,"Disinfectant Floor Cleaner Liquid - Sandal, Kills 99.9% Germs",Lizol,Cleaning & Household,All Purpose Cleaners,2.0,L,169.0,10,"disinfectant floor cleaner liquid - sandal, kills 99.9% germs,lizol disinfectant floor cleaner liquid - sandal, kills 99.9% germs"
P0339,Active Salt Toothpaste,Colgate,Beauty & Hygiene,Oral Care,,,97.0,7,"active salt toothpaste,colgate active salt toothpaste,active namak toothpaste,colgate active namak toothpaste"
P0340,Active Salt Toothpaste - Germ Fighting Toothpaste for Healthy Gums & Teeth,Colgate,Beauty & Hygiene,Oral Care,,,157.5,4,"active salt toothpaste - germ fighting toothpaste for healthy gums & teeth,colgate active salt toothpaste - germ fighting toothpaste for healthy gums & teeth,active namak toothpaste - germ fighting toothpaste for healthy gums & teeth,colgate active namak toothpaste - germ fighting toothpaste for healthy gums & teeth"
P0341,Active Salt Toothpaste - Lemon,Colgate,Beauty & Hygiene,Oral Care,,,84.8,1,"active salt toothpaste - lemon,colgate active salt toothpaste - lemon,active namak toothpaste - lemon,colgate active namak toothpaste - lemon"
P0342,"Toothpaste - Active Salt Saver Pack, Salt & Minerals",Colgate,Beauty & Hygiene,Oral Care,,,202.86,8,"toothpaste - active salt saver pack, salt & minerals,colgate toothpaste - active salt saver pack, salt & minerals,toothpaste - active namak saver pack, namak & minerals,colgate toothpaste - active namak saver pack, namak & minerals"
P0343,"Toothpaste - Active Salt, Neem, Anticavity",Colgate,Beauty & Hygiene,Oral Care,,,58.0,5,"toothpaste - active salt, neem, anticavity,colgate toothpaste - active salt, neem, anticavity,toothpaste - active namak, neem, anticavity,colgate toothpaste - active namak, neem, anticavity"
P0344,"Vatika Select Shampoo - Moroccan Argan Oil, Moisturise & Smooth",Dabur,Beauty & Hygiene,Hair Care,,,449.0,2,"vatika select shampoo - moroccan argan oil, moisturise & smooth,dabur vatika select shampoo - moroccan argan oil, moisturise & smooth,vatika select shampoo - moroccan argan tel, moisturise & smooth,dabur vatika select shampoo - moroccan argan tel, moisturise & smooth"
P0345,& Moms - Sandal Soap,Dettol,Beauty & Hygiene,Bath & Hand Wash,,,108.0,9,"& moms - sandal soap,dettol & moms - sandal soap"
P0346,Body Cleanser - Saundarya Sandal,Patanjali,Beauty & Hygiene,Bath & Hand Wash,,,40.0,6,"body cleanser - saundarya sandal,patanjali body cleanser - saundarya sandal"
P0347,Fresh Guard Ocean Fresh Disinfectant Toilet Cleaner,Domex,Cleaning & Household,All Purpose Cleaners,,,40.0,3,"fresh guard ocean fresh disinfectant toilet cleaner,domex fresh guard ocean fresh disinfectant toilet cleaner,fresh guard ocean fresh disinfectant ttelet cleaner,domex fresh guard ocean fresh disinfectant ttelet cleaner"
P0348,Dishwasher Salt,Fortune,Cleaning & Household,All Purpose Cleaners,,,200.0,10,"dishwasher salt,fortune dishwasher salt,dishwasher namak,fortune dishwasher namak"
P0349,"Active Fresh Toilet Blocks - Lavender, Imported",Harpic,Cleaning & Household,All Purpose Cleaners,,,309.0,0,"active fresh toilet blocks - lavender, imported,harpic active fresh toilet blocks - lavender, imported,active fresh ttelet blocks - lavender, imported,harpic active fresh ttelet blocks - lavender, imported"
P0350,Bathroom Cleaning Spray - Extra Strong,Harpic,Cleaning & Household,All Purpose Cleaners,,,122.0,4,"bathroom cleaning spray - extra strong,harpic bathroom cleaning spray - extra strong"
P0351,Disinfectant Bathroom Cleaner Liquid - Floral,Harpic,Cleaning & Household,All Purpose Cleaners,,,307.0,1,"disinfectant bathroom cleaner liquid - floral,harpic disinfectant bathroom cleaner liquid - floral"
P0352,Disinfectant Bathroom Cleaner Liquid - Lemon,Harpic,Cleaning & Household,All Purpose Cleaners,,,299.0,8,"disinfectant bathroom cleaner liquid - lemon,harpic disinfectant bathroom cleaner liquid - lemon"
P0353,Disinfectant Toilet Cleaner - White & Shine Bleach,Harpic,Cleaning & Household,All Purpose Cleaners,,,77.22,5,"disinfectant toilet cleaner - white & shine bleach,harpic disinfectant toilet cleaner - white & shine bleach,disinfectant ttelet cleaner - white & shine bleach,harpic disinfectant ttelet cleaner - white & shine bleach"
P0354,Disinfectant Toilet Cleaner Liquid - Orange,Harpic,Cleaning & Household,All Purpose Cleaners,,,474.99,2,"disinfectant toilet cleaner liquid - orange,harpic disinfectant toilet cleaner liquid - orange,disinfectant ttelet cleaner liquid - orange,harpic disinfectant ttelet cleaner liquid - orange"
P0355,Disinfectant Toilet Cleaner Liquid - Rose,Harpic,Cleaning & Household,All Purpose Cleaners,,,154.0,9,"disinfectant toilet cleaner liquid - rose,harpic disinfectant toilet cleaner liquid - rose,disinfectant ttelet cleaner liquid - rose,harpic disinfectant ttelet cleaner liquid - rose"
P0356,Flushmatic In-Cistern Toilet Cleaner Blocks - Aquamarine,Harpic,Cleaning & Household,All Purpose Cleaners,,,350.84,6,"flushmatic in-cistern toilet cleaner blocks - aquamarine,harpic flushmatic in-cistern toilet cleaner blocks - aquamarine,flushmatic in-cistern ttelet cleaner blocks - aquamarine,harpic flushmatic in-cistern ttelet cleaner blocks - aquamarine"
P0357,Germ & Stain Blaster Disinfectant Toilet Cleaner Liquid - Floral,Harpic,Cleaning & Household,All Purpose Cleaners,,,122.0,3,"germ & stain blaster disinfectant toilet cleaner liquid - floral,harpic germ & stain blaster disinfectant toilet cleaner liquid - floral,germ & stain blaster disinfectant ttelet cleaner liquid - floral,harpic germ & stain blaster disinfectant ttelet cleaner liquid - floral"
P0358,Hygienic Toilet Cleaner Rim Block - Citrus,Harpic,Cleaning & Household,All Purpose Cleaners,,,133.0,1,"hygienic toilet cleaner rim block - citrus,harpic hygienic toilet cleaner rim block - citrus,hygienic ttelet cleaner rim block - citrus,harpic hygienic ttelet cleaner rim block - citrus"
P0359,Hygienic Toilet Cleaner Rim Block - Jasmine,Harpic,Cleaning & Household,All Purpose Cleaners,,,133.0,7,"hygienic toilet cleaner rim block - jasmine,harpic hygienic toilet cleaner rim block - jasmine,hygienic ttelet cleaner rim block - jasmine,harpic hygienic ttelet cleaner rim block - jasmine"
P0360,Hygienic Toilet Rim Block - Lavender,Harpic,Cleaning & Household,All Purpose Cleaners,,,133.0,4,"hygienic toilet rim block - lavender,harpic hygienic toilet rim block - lavender,hygienic ttelet rim block - lavender,harpic hygienic ttelet rim block - lavender"
P0361,"In-Cistern Toilet Cleaner Blocks, Aquamarine",Harpic,Cleaning & Household,All Purpose Cleaners,,,299.0,1,"in-cistern toilet cleaner blocks, aquamarine,harpic in-cistern toilet cleaner blocks, aquamarine,in-cistern ttelet cleaner blocks, aquamarine,harpic in-cistern ttelet cleaner blocks, aquamarine"
P0362,Platinum Active-Shield Disinfectant Toilet Cleaner Liquid - Lavender,Harpic,Cleaning & Household,All Purpose Cleaners,,,99.0,8,"platinum active-shield disinfectant toilet cleaner liquid - lavender,harpic platinum active-shield disinfectant toilet cleaner liquid - lavender,platinum active-shield disinfectant ttelet cleaner liquid - lavender,harpic platinum active-shield disinfectant ttelet cleaner liquid - lavender"
P0363,Platinum Active-Shield Disinfectant Toilet Cleaner Liquid - Marine,Harpic,Cleaning & Household,All Purpose Cleaners,,,99.0,5,"platinum active-shield disinfectant toilet cleaner liquid - marine,harpic platinum active-shield disinfectant toilet cleaner liquid - marine,platinum active-shield disinfectant ttelet cleaner liquid - marine,harpic platinum active-shield disinfectant ttelet cleaner liquid - marine"
P0364,Power Fresh 6 Toilet Rim Block - Marine Splash,Harpic,Cleaning & Household,All Purpose Cleaners,,,159.0,2,"power fresh 6 toilet rim block - marine splash,harpic power fresh 6 toilet rim block - marine splash,power fresh 6 ttelet rim block - marine splash,harpic power fresh 6 ttelet rim block - marine splash"
P0365,Power Plus Disinfectant Toilet Cleaner,Harpic,Cleaning & Household,All Purpose Cleaners,,,356.0,9,"power plus disinfectant toilet cleaner,harpic power plus disinfectant toilet cleaner,power plus disinfectant ttelet cleaner,harpic power plus disinfectant ttelet cleaner"
P0366,Cold Processed Moisturising Milk Chocolate Soap for Soft & Glowing Skin,Soulflower,Beauty & Hygiene,Bath & Hand Wash,,,255.0,6,"cold processed moisturising milk chocolate soap for soft & glowing skin,soulflower cold processed moisturising milk chocolate soap for soft & glowing skin,cold processed moisturising doodh chocolate soap for soft & glowing skin,soulflower cold processed moisturising doodh chocolate soap for soft & glowing skin"
P0367,"Charcoal Clean Toothpaste - Black Gel Paste, Bamboo Charcoal & Wintergreen Mint For Clean Mouth",Colgate,Beauty & Hygiene,Oral Care,120.0,g,277.2,3,"charcoal clean toothpaste - black gel paste, bamboo charcoal & wintergreen mint for clean mouth,colgate charcoal clean toothpaste - black gel paste, bamboo charcoal & wintergreen mint for clean mouth"
P0368,"MaxFresh Toothpaste - Blue Gel With Menthol For Super Fresh Breath, Peppermint Ice",Colgate,Beauty & Hygiene,Oral Care,150.0,g,266.0,10,"maxfresh toothpaste - blue gel with menthol for super fresh breath, peppermint ice,colgate maxfresh toothpaste - blue gel with menthol for super fresh breath, peppermint ice"
P0369,Mouthwash - Fresh Tea,Colgate,Beauty & Hygiene,Oral Care,,,172.0,7,"mouthwash - fresh tea,colgate mouthwash - fresh tea,mouthwash - fresh chai,colgate mouthwash - fresh chai"
P0370,"Mouthwash - Plax, Active Salt",Colgate,Beauty & Hygiene,Oral Care,,,117.0,4,"mouthwash - plax, active salt,colgate mouthwash - plax, active salt,mouthwash - plax, active namak,colgate mouthwash - plax, active namak"
P0371,"Swarna Vedshakti Ayurvedic Toothpaste - Anti-Bacterial Paste With Neem, Clove, and Honey",Colgate,Beauty & Hygiene,Oral Care,200.0,g,266.0,1,"swarna vedshakti ayurvedic toothpaste - anti-bacterial paste with neem, clove, and honey,colgate swarna vedshakti ayurvedic toothpaste - anti-bacterial paste with neem, clove, and honey"
P0372,Vedshakti Oil Pulling - Ayurvedic Mouthwash,Colgate,Beauty & Hygiene,Oral Care,,,297.5,8,"vedshakti oil pulling - ayurvedic mouthwash,colgate vedshakti oil pulling - ayurvedic mouthwash,vedshakti tel pulling - ayurvedic mouthwash,colgate vedshakti tel pulling - ayurvedic mouthwash"
P0373,Badam Tail - 100% Pure Almond Oil,Dabur,Beauty & Hygiene,Health & Medicine,,,176.0,5,"badam tail - 100% pure almond oil,dabur badam tail - 100% pure almond oil,badam tail - 100% pure almond tel,dabur badam tail - 100% pure almond tel"
P0374,Haldi Drops,Dabur,Beauty & Hygiene,Health & Medicine,,,161.85,2,"haldi drops,dabur haldi drops"
P0375,Haldi Tablet,Dabur,Beauty & Hygiene,Health & Medicine,,,117.6,1,"haldi tablet,dabur haldi tablet"
P0376,Keratex Oil,Dabur,Beauty & Hygiene,Hair Care,,,160.0,6,"keratex oil,dabur keratex oil,keratex tel,dabur keratex tel"
P0377,Shila X-Oil,Dabur,Beauty & Hygiene,Health & Medicine,,,128.25,3,"shila x-oil,dabur shila x-oil,shila x-tel,dabur shila x-tel"
P0378,"Toothpaste - Red Gel, Combo Pack",Dabur,Beauty & Hygiene,Oral Care,3.0,g,136.0,0,"toothpaste - red gel, combo pack,dabur toothpaste - red gel, combo pack"
P0379,Fem Safe Handz Wash - Enriched With The Goodness Of Lemon  And Glycerine With Coconut Milk,Fem,Beauty & Hygiene,Bath & Hand Wash,185.0,ml,109.0,7,"fem safe handz wash - enriched with the goodness of lemon  and glycerine with coconut milk,fem safe handz wash - enriched with the goodness of lemon  and glycerine with coconut doodh"
P0380,Safe Handz Hand Wash - Lemon & Glycerine With Coconut Milk,Fem,Beauty & Hygiene,Bath & Hand Wash,185.0,ml,55.76,4,"safe handz hand wash - lemon & glycerine with coconut milk,fem safe handz hand wash - lemon & glycerine with coconut milk,safe handz hand wash - lemon & glycerine with coconut doodh,fem safe handz hand wash - lemon & glycerine with coconut doodh"
P0381,Safe Handz Hand Wash - Saffron & Blossom With Coconut Milk,Fem,Beauty & Hygiene,Bath & Hand Wash,185.0,ml,55.76,1,"safe handz hand wash - saffron & blossom with coconut milk,fem safe handz hand wash - saffron & blossom with coconut milk,safe handz hand wash - saffron & blossom with coconut doodh,fem safe handz hand wash - saffron & blossom with coconut doodh"
P0382,Safe Handz Wash - Enriched With The Goodness Of Saffron & Blossom With Coconut Milk,Fem,Beauty & Hygiene,Bath & Hand Wash,185.0,ml,109.0,8,"safe handz wash - enriched with the goodness of saffron & blossom with coconut milk,fem safe handz wash - enriched with the goodness of saffron & blossom with coconut milk,safe handz wash - enriched with the goodness of saffron & blossom with coconut doodh,fem safe handz wash - enriched with the goodness of saffron & blossom with coconut doodh"
P0383,"Coconut Almond Body Wash - With Honey, Milk & Neem",Fizzy Fern,Beauty & Hygiene,Bath & Hand Wash,10.0,ml,590.75,5,"coconut almond body wash - with honey, milk & neem,fizzy fern coconut almond body wash - with honey, milk & neem,coconut almond body wash - with honey, doodh & neem,fizzy fern coconut almond body wash - with honey, doodh & neem"
P0384,"Deep Cleansing Soap - With Charcoal, Shea Butter & Wheat Germ Oil",Fizzy Fern,Beauty & Hygiene,Bath & Hand Wash,125.0,g,293.25,2,"deep cleansing soap - with charcoal, shea butter & wheat germ oil,fizzy fern deep cleansing soap - with charcoal, shea butter & wheat germ oil,deep cleansing soap - with charcoal, shea butter & wheat germ tel,deep cleansing soap - with charcoal, shea makhan & wheat germ oil,deep cleansing soap - with charcoal, shea butter & gehun germ oil,fizzy fern deep cleansing soap - with charcoal, shea butter & wheat germ tel,fizzy fern deep cleansing soap - with charcoal, shea makhan & wheat germ oil,fizzy fern deep cleansing soap - with charcoal, shea butter & gehun germ oil"
P0385,Moisturizing Body Bath - Green Tea & Milk,Skin Cottage,Beauty & Hygiene,Bath & Hand Wash,400.0,ml,279.0,9,"moisturizing body bath - green tea & milk,skin cottage moisturizing body bath - green tea & milk,moisturizing body bath - green chai & milk,moisturizing body bath - green tea & doodh,skin cottage moisturizing body bath - green chai & milk,skin cottage moisturizing body bath - green tea & doodh"
P0386,Disinfectant Floor Cleaner,Domex,Cleaning & Household,All Purpose Cleaners,175.0,ml,600.0,6,"disinfectant floor cleaner,domex disinfectant floor cleaner"
P0387,"Disinfectant Floor Cleaner Liquid - Floral, Kills 99.9% Germs",Lizol,Cleaning & Household,All Purpose Cleaners,2.0,L,444.99,3,"disinfectant floor cleaner liquid - floral, kills 99.9% germs,lizol disinfectant floor cleaner liquid - floral, kills 99.9% germs"
P0388,"Disinfectant Floor Cleaner Liquid - Pine, Kills 99.9% Germs",Lizol,Cleaning & Household,All Purpose Cleaners,2.0,L,169.0,10,"disinfectant floor cleaner liquid - pine, kills 99.9% germs,lizol disinfectant floor cleaner liquid - pine, kills 99.9% germs"
P0389,"Disinfectant Surface & Floor Cleaner - [Citrus, Floral & Lavender (500 ml Each)]",Lizol,Cleaning & Household,All Purpose Cleaners,500.0,ml,252.78,7,"disinfectant surface & floor cleaner - [citrus, floral & lavender (500 ml each)],lizol disinfectant surface & floor cleaner - [citrus, floral & lavender (500 ml each)]"
P0390,"Disinfectant Surface & Floor Cleaner Liquid - Citrus, Kills 99.9% Germs",Lizol,Cleaning & Household,All Purpose Cleaners,2.0,L,302.0,4,"disinfectant surface & floor cleaner liquid - citrus, kills 99.9% germs,lizol disinfectant surface & floor cleaner liquid - citrus, kills 99.9% germs"
P0391,Disinfectant Surface & Floor Cleaner Liquid - Floral,Lizol,Cleaning & Household,All Purpose Cleaners,1800.0,ml,273.0,1,"disinfectant surface & floor cleaner liquid - floral,lizol disinfectant surface & floor cleaner liquid - floral"
P0392,"Disinfectant Surface & Floor Cleaner Liquid - Jasmine, Kills 99.9% Germs",Lizol,Cleaning & Household,All Purpose Cleaners,2.0,L,38.0,1,"disinfectant surface & floor cleaner liquid - jasmine, kills 99.9% germs,lizol disinfectant surface & floor cleaner liquid - jasmine, kills 99.9% germs"
P0393,Disinfectant Surface & Floor Cleaner Liquid - Lavender,Lizol,Cleaning & Household,All Purpose Cleaners,2.0,L,671.0,5,"disinfectant surface & floor cleaner liquid - lavender,lizol disinfectant surface & floor cleaner liquid - lavender"
P0394,"Detergent - Liquid, Matic, Front Load",Surf Excel,Cleaning & Household,Detergents & Dishwash,1.0,L,308.0,2,"detergent - liquid, matic, front load,surf excel detergent - liquid, matic, front load"
P0395,Detergent Bar,Surf Excel,Cleaning & Household,Detergents & Dishwash,95.0,g,98.0,9,"detergent bar,surf excel detergent bar"
P0396,Liquid Detergent Matic Top Load 500ml & Matic Top Load Detergent Powder 2 kg,Surf Excel,Cleaning & Household,Detergents & Dishwash,2.0,kg,387.1,6,"liquid detergent matic top load 500ml & matic top load detergent powder 2 kg,surf excel liquid detergent matic top load 500ml & matic top load detergent powder 2 kg"
P0397,Matic Front Load Detergent Powder,Surf Excel,Cleaning & Household,Detergents & Dishwash,60.0,g,325.0,3,"matic front load detergent powder,surf excel matic front load detergent powder"
P0398,Matic Liquid Detergent - Top Load,Surf Excel,Cleaning & Household,Detergents & Dishwash,1.0,L,599.76,10,"matic liquid detergent - top load,surf excel matic liquid detergent - top load"
P0399,Matic Top Load Detergent Powder,Surf Excel,Cleaning & Household,Detergents & Dishwash,60.0,g,296.0,7,"matic top load detergent powder,surf excel matic top load detergent powder"
P0400,Quick Wash Detergent Powder,Surf Excel,Cleaning & Household,Detergents & Dishwash,1.0,kg,350.0,4,"quick wash detergent powder,surf excel quick wash detergent powder"
P0401,Anti-Bactarial Laundry Cleaner - Lavender,Dettol,Cleaning & Household,All Purpose Cleaners,1.5,L,1149.0,1,"anti-bactarial laundry cleaner - lavender,dettol anti-bactarial laundry cleaner - lavender"
P0402,Shea Butter Moisturizing Bath Soap With Coconut Husk & Honey - For Soft Skin,Bombay Shaving Company,Beauty & Hygiene,Bath & Hand Wash,,,175.5,8,"shea butter moisturizing bath soap with coconut husk & honey - for soft skin,bombay shaving company shea butter moisturizing bath soap with coconut husk & honey - for soft skin,shea makhan moisturizing bath soap with coconut husk & honey - for soft skin,bombay shaving company shea makhan moisturizing bath soap with coconut husk & honey - for soft skin"
P0403,Aashirvaad Atta 5kg,Aashirvaad,"Foodgrains, Oil & Masala","Atta, Flours & Sooji",5,kg,300,10,"atta,aata,wheat flour,aashirvaad atta"
P0404,Aashirvaad Atta 10kg,Aashirvaad,"Foodgrains, Oil & Masala","Atta, Flours & Sooji",10,kg,560,5,"atta,aata,wheat flour,aashirvaad atta"
P0405,Fortune Chakki Fresh Atta 5kg,Fortune,"Foodgrains, Oil & Masala","Atta, Flours & Sooji",5,kg,285,6,"atta,aata,wheat flour,fortune atta"
P0406,Tata Salt 1kg,Tata,"Foodgrains, Oil & Masala","Salt, Sugar & Jaggery",1,kg,30,12,"salt,namak,tata salt"
P0407,Tata Salt 2kg,Tata,"Foodgrains, Oil & Masala","Salt, Sugar & Jaggery",2,kg,55,5,"salt,namak,tata salt"
P0408,Madhur Sugar 1kg,Madhur,"Foodgrains, Oil & Masala","Salt, Sugar & Jaggery",1,kg,50,15,"sugar,chini,madhur sugar"
P0409,Madhur Sugar 5kg,Madhur,"Foodgrains, Oil & Masala","Salt, Sugar & Jaggery",5,kg,240,4,"sugar,chini,madhur sugar"
P0410,Tata Sampann Toor Dal 1kg,Tata Sampann,"Foodgrains, Oil & Masala",Dals & Pulses,1,kg,190,7,"toor dal,arhar dal,dal,tata sampann toor dal"
P0411,Tata Sampann Moong Dal 1kg,Tata Sampann,"Foodgrains, Oil & Masala",Dals & Pulses,1,kg,160,9,"moong dal,dal,tata sampann moong dal"
P0412,Tata Sampann Chana Dal 1kg,Tata Sampann,"Foodgrains, Oil & Masala",Dals & Pulses,1,kg,110,8,"chana dal,dal,tata sampann chana dal"
P0413,India Gate Basmati Rice 1kg,India Gate,"Foodgrains, Oil & Masala",Rice & Rice Products,1,kg,125,8,"rice,chawal,basmati rice,india gate rice"
P0414,India Gate Basmati Rice 5kg,India Gate,"Foodgrains, Oil & Masala",Rice & Rice Products,5,kg,550,3,"rice,chawal,basmati rice,india gate rice"
P0415,Fortune Sunflower Oil 1L,Fortune,"Foodgrains, Oil & Masala",Edible Oils & Ghee,1,L,150,6,"oil,tel,sunflower oil,fortune oil"
P0416,Fortune Sunflower Oil 5L,Fortune,"Foodgrains, Oil & Masala",Edible Oils & Ghee,5,L,690,3,"oil,tel,sunflower oil,fortune oil"
P0417,Saffola Gold Oil 1L,Saffola,"Foodgrains, Oil & Masala",Edible Oils & Ghee,1,L,190,5,"oil,tel,saffola oil,saffola gold"
P0418,Amul Butter 100g,Amul,"Bakery, Cakes & Dairy",Butter & Cheese,100,g,60,4,"butter,makhan,amul butter"
P0419,Amul Butter 500g,Amul,"Bakery, Cakes & Dairy",Butter & Cheese,500,g,285,3,"butter,makhan,amul butter"
P0420,Amul Butter 1kg,Amul,"Bakery, Cakes & Dairy",Butter & Cheese,1,kg,540,1,"butter,makhan,amul butter"
P0421,Amul Taaza Milk 500ml,Amul,"Bakery, Cakes & Dairy",Milk,500,ml,30,8,"milk,doodh,amul milk"
P0422,Amul Taaza Milk 1L,Amul,"Bakery, Cakes & Dairy",Milk,1,L,58,5,"milk,doodh,amul milk"
P0423,Amul Paneer 200g,Amul,"Bakery, Cakes & Dairy",Paneer,200,g,90,4,"paneer,amul paneer"
P0424,Amul Pure Ghee 1L,Amul,"Foodgrains, Oil & Masala",Edible Oils & Ghee,1,L,700,2,"ghee,amul ghee"
P0425,Maggi 2-Minute Noodles 70g,Maggi,Snacks & Branded Foods,"Noodle, Pasta, Vermicelli",70,g,15,20,"maggi,noodles"
P0426,Maggi 2-Minute Noodles 140g,Maggi,Snacks & Branded Foods,"Noodle, Pasta, Vermicelli",140,g,30,12,"maggi,noodles"
P0427,Maggi 2-Minute Noodles 280g,Maggi,Snacks & Branded Foods,"Noodle, Pasta, Vermicelli",280,g,60,6,"maggi,noodles"
P0428,Parle-G Biscuits 250g,Parle,Snacks & Branded Foods,Biscuits & Cookies,250,g,25,12,"biscuit,biscuits,parle g,parleg"
P0429,Parle-G Biscuits 800g,Parle,Snacks & Branded Foods,Biscuits & Cookies,800,g,80,5,"biscuit,biscuits,parle g,parleg"
P0430,Britannia Good Day 200g,Britannia,Snacks & Branded Foods,Biscuits & Cookies,200,g,40,9,"biscuit,biscuits,good day"
P0431,Tata Tea Gold 250g,Tata,Beverages,Tea,250,g,130,6,"tea,chai,tata tea"
P0432,Tata Tea Gold 500g,Tata,Beverages,Tea,500,g,250,3,"tea,chai,tata tea"
P0433,Nescafe Classic 50g,Nescafe,Beverages,Coffee,50,g,160,7,"coffee,nescafe,nescafe classic"
P0434,Nescafe Classic 100g,Nescafe,Beverages,Coffee,100,g,300,3,"coffee,nescafe,nescafe classic"
P0435,Dabur Honey 500g,Dabur,"Foodgrains, Oil & Masala",Other Ingredients,500,g,250,6,"honey,shahad,dabur honey"
P0436,Kissan Tomato Ketchup 500g,Kissan,Snacks & Branded Foods,Ready To Cook & Eat,500,g,110,7,"ketchup,tomato sauce,sauce,kissan"
P0437,Everest Garam Masala 100g,Everest,"Foodgrains, Oil & Masala",Masalas & Spices,100,g,55,8,"masala,garam masala,everest masala"
P0438,MDH Chana Masala 100g,MDH,"Foodgrains, Oil & Masala",Masalas & Spices,100,g,50,6,"masala,chana masala,mdh masala"
P0439,Harpic Toilet Cleaner 500ml,Harpic,Cleaning & Household,All Purpose Cleaners,500,ml,110,4,"harpic,toilet cleaner"
P0440,Harpic Toilet Cleaner 1L,Harpic,Cleaning & Household,All Purpose Cleaners,1,L,190,2,"harpic,toilet cleaner"
P0441,Surf Excel Matic 1kg,Surf Excel,Cleaning & Household,Laundry,1,kg,210,6,"detergent,washing powder,surf excel"
P0442,Surf Excel Matic 2kg,Surf Excel,Cleaning & Household,Laundry,2,kg,400,3,"detergent,washing powder,surf excel"
P0443,Vim Dishwash Liquid 500ml,Vim,Cleaning & Household,Dishwash,500,ml,100,7,"dishwash,utensil wash,vim"
P0444,Vim Dishwash Liquid 1L,Vim,Cleaning & Household,Dishwash,1,L,180,4,"dishwash,utensil wash,vim"
P0445,Colgate Strong Teeth 200g,Colgate,Beauty & Hygiene,Oral Care,200,g,110,8,"toothpaste,colgate"
P0446,Dettol Liquid Handwash 250ml,Dettol,Beauty & Hygiene,Hand Wash,250,ml,90,7,"handwash,hand wash,dettol"
P0447,Britannia Milk Bread 400g,Britannia,"Bakery, Cakes & Dairy",Bakery,400,g,45,6,"bread,bread packet,britannia bread"
P0448,Lays Classic Salted 50g,Lays,Snacks & Branded Foods,Chips & Crisps,50,g,20,15,"chips,lays"
P0449,Haldirams Aloo Bhujia 200g,Haldirams,Snacks & Branded Foods,Namkeen & Snacks,200,g,60,7,"namkeen,bhujia,haldirams"
P0450,Coca-Cola 750ml,Coca-Cola,Beverages,Soft Drinks,750,ml,45,10,"cold drink,soft drink,coke,coca cola"
P0451,Thums Up 750ml,Thums Up,Beverages,Soft Drinks,750,ml,45,10,"cold drink,soft drink,thums up"
P0452,Potato 1kg,Local,"Foodgrains, Oil & Masala",Fresh Vegetables,1,kg,35,12,"potato,aloo"
P0453,Onion 1kg,Local,"Foodgrains, Oil & Masala",Fresh Vegetables,1,kg,40,10,"onion,pyaaz"
P0454,Tomato 1kg,Local,"Foodgrains, Oil & Masala",Fresh Vegetables,1,kg,45,8,"tomato,tamatar"
P0455,Eggs 6 pack,Local,"Bakery, Cakes & Dairy",Eggs,6,pack,45,6,"eggs,anda,6 eggs"
P0456,Eggs 12 pack,Local,"Bakery, Cakes & Dairy",Eggs,12,pack,85,3,"eggs,anda,12 eggs"
